0:00,10:25,11:00,12:06
0:01,10:25,11:00,12:06
0:02,10:25,11:00,12:06
0:03,10:25,11:00,12:06
0:04,10:25,11:00,12:06
0:05,10:25,11:00,12:06
0:06,10:25,11:00,12:06
0:07,10:25,11:00,12:06
0:08,10:25,11:00,12:06
0:09,10:25,11:00,12:06
0:10,10:25,11:00,12:06
0:11,10:25,11:00,12:06
0:12,10:25,11:00,12:06
0:13,10:25,11:00,12:06
0:14,10:25,11:00,12:06
0:15,10:25,11:00,12:06
0:16,10:25,11:00,12:06
0:17,10:25,11:00,12:06
0:18,10:25,11:00,12:06
0:19,10:25,11:00,12:06
0:20,10:25,11:00,12:06
0:21,10:25,11:00,12:06
0:22,10:25,11:00,12:06
0:23,10:25,11:00,12:06
0:24,10:25,11:00,12:06
0:25,10:25,11:00,12:06
0:26,10:25,11:00,12:06
0:27,10:25,11:00,12:06
0:28,10:25,11:00,12:06
0:29,10:25,11:00,12:06
0:30,10:25,11:00,12:06
0:31,10:25,11:00,12:06
0:32,10:25,11:00,12:06
0:33,10:25,11:00,12:06
0:34,10:25,11:00,12:06
0:35,10:25,11:00,12:06
0:36,10:25,11:00,12:06
0:37,10:25,11:00,12:06
0:38,10:25,11:00,12:06
0:39,10:25,11:00,12:06
0:40,10:25,11:00,12:06
0:41,10:25,11:00,12:06
0:42,10:25,11:00,12:06
0:43,10:25,11:00,12:06
0:44,10:25,11:00,12:06
0:45,10:25,11:00,12:06
0:46,10:25,11:00,12:06
0:47,10:25,11:00,12:06
0:48,10:25,11:00,12:06
0:49,10:25,11:00,12:06
0:50,10:25,11:00,12:06
0:51,10:25,11:00,12:06
0:52,10:25,11:00,12:06
0:53,10:25,11:00,12:06
0:54,10:25,11:00,12:06
0:55,10:25,11:00,12:06
0:56,10:25,11:00,12:06
0:57,10:25,11:00,12:06
0:58,10:25,11:00,12:06
0:59,10:25,11:00,12:06
1:00,10:25,11:00,12:06
1:01,10:25,11:00,12:06
1:02,10:25,11:00,12:06
1:03,10:25,11:00,12:06
1:04,10:25,11:00,12:06
1:05,10:25,11:00,12:06
1:06,10:25,11:00,12:06
1:07,10:25,11:00,12:06
1:08,10:25,11:00,12:06
1:09,10:25,11:00,12:06
1:10,10:25,11:00,12:06
1:11,10:25,11:00,12:06
1:12,10:25,11:00,12:06
1:13,10:25,11:00,12:06
1:14,10:25,11:00,12:06
1:15,10:25,11:00,12:06
1:16,10:25,11:00,12:06
1:17,10:25,11:00,12:06
1:18,10:25,11:00,12:06
1:19,10:25,11:00,12:06
1:20,10:25,11:00,12:06
1:21,10:25,11:00,12:06
1:22,10:25,11:00,12:06
1:23,10:25,11:00,12:06
1:24,10:25,11:00,12:06
1:25,10:25,11:00,12:06
1:26,10:25,11:00,12:06
1:27,10:25,11:00,12:06
1:28,10:25,11:00,12:06
1:29,10:25,11:00,12:06
1:30,10:25,11:00,12:06
1:31,10:25,11:00,12:06
1:32,10:25,11:00,12:06
1:33,10:25,11:00,12:06
1:34,10:25,11:00,12:06
1:35,10:25,11:00,12:06
1:36,10:25,11:00,12:06
1:37,10:25,11:00,12:06
1:38,10:25,11:00,12:06
1:39,10:25,11:00,12:06
1:40,10:25,11:00,12:06
1:41,10:25,11:00,12:06
1:42,10:25,11:00,12:06
1:43,10:25,11:00,12:06
1:44,10:25,11:00,12:06
1:45,10:25,11:00,12:06
1:46,10:25,11:00,12:06
1:47,10:25,11:00,12:06
1:48,10:25,11:00,12:06
1:49,10:25,11:00,12:06
1:50,10:25,11:00,12:06
1:51,10:25,11:00,12:06
1:52,10:25,11:00,12:06
1:53,10:25,11:00,12:06
1:54,10:25,11:00,12:06
1:55,10:25,11:00,12:06
1:56,10:25,11:00,12:06
1:57,10:25,11:00,12:06
1:58,10:25,11:00,12:06
1:59,10:25,11:00,12:06
2:00,10:25,11:00,12:06
2:01,10:25,11:00,12:06
2:02,10:25,11:00,12:06
2:03,10:25,11:00,12:06
2:04,10:25,11:00,12:06
2:05,10:25,11:00,12:06
2:06,10:25,11:00,12:06
2:07,10:25,11:00,12:06
2:08,10:25,11:00,12:06
2:09,10:25,11:00,12:06
2:10,10:25,11:00,12:06
2:11,10:25,11:00,12:06
2:12,10:25,11:00,12:06
2:13,10:25,11:00,12:06
2:14,10:25,11:00,12:06
2:15,10:25,11:00,12:06
2:16,10:25,11:00,12:06
2:17,10:25,11:00,12:06
2:18,10:25,11:00,12:06
2:19,10:25,11:00,12:06
2:20,10:25,11:00,12:06
2:21,10:25,11:00,12:06
2:22,10:25,11:00,12:06
2:23,10:25,11:00,12:06
2:24,10:25,11:00,12:06
2:25,10:25,11:00,12:06
2:26,10:25,11:00,12:06
2:27,10:25,11:00,12:06
2:28,10:25,11:00,12:06
2:29,10:25,11:00,12:06
2:30,10:25,11:00,12:06
2:31,10:25,11:00,12:06
2:32,10:25,11:00,12:06
2:33,10:25,11:00,12:06
2:34,10:25,11:00,12:06
2:35,10:25,11:00,12:06
2:36,10:25,11:00,12:06
2:37,10:25,11:00,12:06
2:38,10:25,11:00,12:06
2:39,10:25,11:00,12:06
2:40,10:25,11:00,12:06
2:41,10:25,11:00,12:06
2:42,10:25,11:00,12:06
2:43,10:25,11:00,12:06
2:44,10:25,11:00,12:06
2:45,10:25,11:00,12:06
2:46,10:25,11:00,12:06
2:47,10:25,11:00,12:06
2:48,10:25,11:00,12:06
2:49,10:25,11:00,12:06
2:50,10:25,11:00,12:06
2:51,10:25,11:00,12:06
2:52,10:25,11:00,12:06
2:53,10:25,11:00,12:06
2:54,10:25,11:00,12:06
2:55,10:25,11:00,12:06
2:56,10:25,11:00,12:06
2:57,10:25,11:00,12:06
2:58,10:25,11:00,12:06
2:59,10:25,11:00,12:06
3:00,10:25,11:00,12:06
3:01,10:25,11:00,12:06
3:02,10:25,11:00,12:06
3:03,10:25,11:00,12:06
3:04,10:25,11:00,12:06
3:05,10:25,11:00,12:06
3:06,10:25,11:00,12:06
3:07,10:25,11:00,12:06
3:08,10:25,11:00,12:06
3:09,10:25,11:00,12:06
3:10,10:25,11:00,12:06
3:11,10:25,11:00,12:06
3:12,10:25,11:00,12:06
3:13,10:25,11:00,12:06
3:14,10:25,11:00,12:06
3:15,10:25,11:00,12:06
3:16,10:25,11:00,12:06
3:17,10:25,11:00,12:06
3:18,10:25,11:00,12:06
3:19,10:25,11:00,12:06
3:20,10:25,11:00,12:06
3:21,10:25,11:00,12:06
3:22,10:25,11:00,12:06
3:23,10:25,11:00,12:06
3:24,10:25,11:00,12:06
3:25,10:25,11:00,12:06
3:26,10:25,11:00,12:06
3:27,10:25,11:00,12:06
3:28,10:25,11:00,12:06
3:29,10:25,11:00,12:06
3:30,10:25,11:00,12:06
3:31,10:25,11:00,12:06
3:32,10:25,11:00,12:06
3:33,10:25,11:00,12:06
3:34,10:25,11:00,12:06
3:35,10:25,11:00,12:06
3:36,10:25,11:00,12:06
3:37,10:25,11:00,12:06
3:38,10:25,11:00,12:06
3:39,10:25,11:00,12:06
3:40,10:25,11:00,12:06
3:41,10:25,11:00,12:06
3:42,10:25,11:00,12:06
3:43,10:25,11:00,12:06
3:44,10:25,11:00,12:06
3:45,10:25,11:00,12:06
3:46,10:25,11:00,12:06
3:47,10:25,11:00,12:06
3:48,10:25,11:00,12:06
3:49,10:25,11:00,12:06
3:50,10:25,11:00,12:06
3:51,10:25,11:00,12:06
3:52,10:25,11:00,12:06
3:53,10:25,11:00,12:06
3:54,10:25,11:00,12:06
3:55,10:25,11:00,12:06
3:56,10:25,11:00,12:06
3:57,10:25,11:00,12:06
3:58,10:25,11:00,12:06
3:59,10:25,11:00,12:06
4:00,10:25,11:00,12:06
4:01,10:25,11:00,12:06
4:02,10:25,11:00,12:06
4:03,10:25,11:00,12:06
4:04,10:25,11:00,12:06
4:05,10:25,11:00,12:06
4:06,10:25,11:00,12:06
4:07,10:25,11:00,12:06
4:08,10:25,11:00,12:06
4:09,10:25,11:00,12:06
4:10,10:25,11:00,12:06
4:11,10:25,11:00,12:06
4:12,10:25,11:00,12:06
4:13,10:25,11:00,12:06
4:14,10:25,11:00,12:06
4:15,10:25,11:00,12:06
4:16,10:25,11:00,12:06
4:17,10:25,11:00,12:06
4:18,10:25,11:00,12:06
4:19,10:25,11:00,12:06
4:20,10:25,11:00,12:06
4:21,10:25,11:00,12:06
4:22,10:25,11:00,12:06
4:23,10:25,11:00,12:06
4:24,10:25,11:00,12:06
4:25,10:25,11:00,12:06
4:26,10:25,11:00,12:06
4:27,10:25,11:00,12:06
4:28,10:25,11:00,12:06
4:29,10:25,11:00,12:06
4:30,10:25,11:00,12:06
4:31,10:25,11:00,12:06
4:32,10:25,11:00,12:06
4:33,10:25,11:00,12:06
4:34,10:25,11:00,12:06
4:35,10:25,11:00,12:06
4:36,10:25,11:00,12:06
4:37,10:25,11:00,12:06
4:38,10:25,11:00,12:06
4:39,10:25,11:00,12:06
4:40,10:25,11:00,12:06
4:41,10:25,11:00,12:06
4:42,10:25,11:00,12:06
4:43,10:25,11:00,12:06
4:44,10:25,11:00,12:06
4:45,10:25,11:00,12:06
4:46,10:25,11:00,12:06
4:47,10:25,11:00,12:06
4:48,10:25,11:00,12:06
4:49,10:25,11:00,12:06
4:50,10:25,11:00,12:06
4:51,10:25,11:00,12:06
4:52,10:25,11:00,12:06
4:53,10:25,11:00,12:06
4:54,10:25,11:00,12:06
4:55,10:25,11:00,12:06
4:56,10:25,11:00,12:06
4:57,10:25,11:00,12:06
4:58,10:25,11:00,12:06
4:59,10:25,11:00,12:06
5:00,10:25,11:00,12:06
5:01,10:25,11:00,12:06
5:02,10:25,11:00,12:06
5:03,10:25,11:00,12:06
5:04,10:25,11:00,12:06
5:05,10:25,11:00,12:06
5:06,10:25,11:00,12:06
5:07,10:25,11:00,12:06
5:08,10:25,11:00,12:06
5:09,10:25,11:00,12:06
5:10,10:25,11:00,12:06
5:11,10:25,11:00,12:06
5:12,10:25,11:00,12:06
5:13,10:25,11:00,12:06
5:14,10:25,11:00,12:06
5:15,10:25,11:00,12:06
5:16,10:25,11:00,12:06
5:17,10:25,11:00,12:06
5:18,10:25,11:00,12:06
5:19,10:25,11:00,12:06
5:20,10:25,11:00,12:06
5:21,10:25,11:00,12:06
5:22,10:25,11:00,12:06
5:23,10:25,11:00,12:06
5:24,10:25,11:00,12:06
5:25,10:25,11:00,12:06
5:26,10:25,11:00,12:06
5:27,10:25,11:00,12:06
5:28,10:25,11:00,12:06
5:29,10:25,11:00,12:06
5:30,10:25,11:00,12:06
5:31,10:25,11:00,12:06
5:32,10:25,11:00,12:06
5:33,10:25,11:00,12:06
5:34,10:25,11:00,12:06
5:35,10:25,11:00,12:06
5:36,10:25,11:00,12:06
5:37,10:25,11:00,12:06
5:38,10:25,11:00,12:06
5:39,10:25,11:00,12:06
5:40,10:25,11:00,12:06
5:41,10:25,11:00,12:06
5:42,10:25,11:00,12:06
5:43,10:25,11:00,12:06
5:44,10:25,11:00,12:06
5:45,10:25,11:00,12:06
5:46,10:25,11:00,12:06
5:47,10:25,11:00,12:06
5:48,10:25,11:00,12:06
5:49,10:25,11:00,12:06
5:50,10:25,11:00,12:06
5:51,10:25,11:00,12:06
5:52,10:25,11:00,12:06
5:53,10:25,11:00,12:06
5:54,10:25,11:00,12:06
5:55,10:25,11:00,12:06
5:56,10:25,11:00,12:06
5:57,10:25,11:00,12:06
5:58,10:25,11:00,12:06
5:59,10:25,11:00,12:06
6:00,10:25,11:00,12:06
6:01,10:25,11:00,12:06
6:02,10:25,11:00,12:06
6:03,10:25,11:00,12:06
6:04,10:25,11:00,12:06
6:05,10:25,11:00,12:06
6:06,10:25,11:00,12:06
6:07,10:25,11:00,12:06
6:08,10:25,11:00,12:06
6:09,10:25,11:00,12:06
6:10,10:25,11:00,12:06
6:11,10:25,11:00,12:06
6:12,10:25,11:00,12:06
6:13,10:25,11:00,12:06
6:14,10:25,11:00,12:06
6:15,10:25,11:00,12:06
6:16,10:25,11:00,12:06
6:17,10:25,11:00,12:06
6:18,10:25,11:00,12:06
6:19,10:25,11:00,12:06
6:20,10:25,11:00,12:06
6:21,10:25,11:00,12:06
6:22,10:25,11:00,12:06
6:23,10:25,11:00,12:06
6:24,10:25,11:00,12:06
6:25,10:25,11:00,12:06
6:26,10:25,11:00,12:06
6:27,10:25,11:00,12:06
6:28,10:25,11:00,12:06
6:29,10:25,11:00,12:06
6:30,10:25,11:00,12:06
6:31,10:25,11:00,12:06
6:32,10:25,11:00,12:06
6:33,10:25,11:00,12:06
6:34,10:25,11:00,12:06
6:35,10:25,11:00,12:06
6:36,10:25,11:00,12:06
6:37,10:25,11:00,12:06
6:38,10:25,11:00,12:06
6:39,10:25,11:00,12:06
6:40,10:25,11:00,12:06
6:41,10:25,11:00,12:06
6:42,10:25,11:00,12:06
6:43,10:25,11:00,12:06
6:44,10:25,11:00,12:06
6:45,10:25,11:00,12:06
6:46,10:25,11:00,12:06
6:47,10:25,11:00,12:06
6:48,10:25,11:00,12:06
6:49,10:25,11:00,12:06
6:50,10:25,11:00,12:06
6:51,10:25,11:00,12:06
6:52,10:25,11:00,12:06
6:53,10:25,11:00,12:06
6:54,10:25,11:00,12:06
6:55,10:25,11:00,12:06
6:56,10:25,11:00,12:06
6:57,10:25,11:00,12:06
6:58,10:25,11:00,12:06
6:59,10:25,11:00,12:06
7:00,10:25,11:00,12:06
7:01,10:25,11:00,12:06
7:02,10:25,11:00,12:06
7:03,10:25,11:00,12:06
7:04,10:25,11:00,12:06
7:05,10:25,11:00,12:06
7:06,10:25,11:00,12:06
7:07,10:25,11:00,12:06
7:08,10:25,11:00,12:06
7:09,10:25,11:00,12:06
7:10,10:25,11:00,12:06
7:11,10:25,11:00,12:06
7:12,10:25,11:00,12:06
7:13,10:25,11:00,12:06
7:14,10:25,11:00,12:06
7:15,10:25,11:00,12:06
7:16,10:25,11:00,12:06
7:17,10:25,11:00,12:06
7:18,10:25,11:00,12:06
7:19,10:25,11:00,12:06
7:20,10:25,11:00,12:06
7:21,10:25,11:00,12:06
7:22,10:25,11:00,12:06
7:23,10:25,11:00,12:06
7:24,10:25,11:00,12:06
7:25,10:25,11:00,12:06
7:26,10:25,11:00,12:06
7:27,10:25,11:00,12:06
7:28,10:25,11:00,12:06
7:29,10:25,11:00,12:06
7:30,10:25,11:00,12:06
7:31,10:25,11:00,12:06
7:32,10:25,11:00,12:06
7:33,10:25,11:00,12:06
7:34,10:25,11:00,12:06
7:35,10:25,11:00,12:06
7:36,10:25,11:00,12:06
7:37,10:25,11:00,12:06
7:38,10:25,11:00,12:06
7:39,10:25,11:00,12:06
7:40,10:25,11:00,12:06
7:41,10:25,11:00,12:06
7:42,10:25,11:00,12:06
7:43,10:25,11:00,12:06
7:44,10:25,11:00,12:06
7:45,10:25,11:00,12:06
7:46,10:25,11:00,12:06
7:47,10:25,11:00,12:06
7:48,10:25,11:00,12:06
7:49,10:25,11:00,12:06
7:50,10:25,11:00,12:06
7:51,10:25,11:00,12:06
7:52,10:25,11:00,12:06
7:53,10:25,11:00,12:06
7:54,10:25,11:00,12:06
7:55,10:25,11:00,12:06
7:56,10:25,11:00,12:06
7:57,10:25,11:00,12:06
7:58,10:25,11:00,12:06
7:59,10:25,11:00,12:06
8:00,10:25,11:00,12:06
8:01,10:25,11:00,12:06
8:02,10:25,11:00,12:06
8:03,10:25,11:00,12:06
8:04,10:25,11:00,12:06
8:05,10:25,11:00,12:06
8:06,10:25,11:00,12:06
8:07,10:25,11:00,12:06
8:08,10:25,11:00,12:06
8:09,10:25,11:00,12:06
8:10,10:25,11:00,12:06
8:11,10:25,11:00,12:06
8:12,10:25,11:00,12:06
8:13,10:25,11:00,12:06
8:14,10:25,11:00,12:06
8:15,10:25,11:00,12:06
8:16,10:25,11:00,12:06
8:17,10:25,11:00,12:06
8:18,10:25,11:00,12:06
8:19,10:25,11:00,12:06
8:20,10:25,11:00,12:06
8:21,10:25,11:00,12:06
8:22,10:25,11:00,12:06
8:23,10:25,11:00,12:06
8:24,10:25,11:00,12:06
8:25,10:25,11:00,12:06
8:26,10:25,11:00,12:06
8:27,10:25,11:00,12:06
8:28,10:25,11:00,12:06
8:29,10:25,11:00,12:06
8:30,10:25,11:00,12:06
8:31,10:25,11:00,12:06
8:32,10:25,11:00,12:06
8:33,10:25,11:00,12:06
8:34,10:25,11:00,12:06
8:35,10:25,11:00,12:06
8:36,10:25,11:00,12:06
8:37,10:25,11:00,12:06
8:38,10:25,11:00,12:06
8:39,10:25,11:00,12:06
8:40,10:25,11:00,12:06
8:41,10:25,11:00,12:06
8:42,10:25,11:00,12:06
8:43,10:25,11:00,12:06
8:44,10:25,11:00,12:06
8:45,10:25,11:00,12:06
8:46,10:25,11:00,12:06
8:47,10:25,11:00,12:06
8:48,10:25,11:00,12:06
8:49,10:25,11:00,12:06
8:50,10:25,11:00,12:06
8:51,10:25,11:00,12:06
8:52,10:25,11:00,12:06
8:53,10:25,11:00,12:06
8:54,10:25,11:00,12:06
8:55,10:25,11:00,12:06
8:56,10:25,11:00,12:06
8:57,10:25,11:00,12:06
8:58,10:25,11:00,12:06
8:59,10:25,11:00,12:06
9:00,10:25,11:00,12:06
9:01,10:25,11:00,12:06
9:02,10:25,11:00,12:06
9:03,10:25,11:00,12:06
9:04,10:25,11:00,12:06
9:05,10:25,11:00,12:06
9:06,10:25,11:00,12:06
9:07,10:25,11:00,12:06
9:08,10:25,11:00,12:06
9:09,10:25,11:00,12:06
9:10,10:25,11:00,12:06
9:11,10:25,11:00,12:06
9:12,10:25,11:00,12:06
9:13,10:25,11:00,12:06
9:14,10:25,11:00,12:06
9:15,10:25,11:00,12:06
9:16,10:25,11:00,12:06
9:17,10:25,11:00,12:06
9:18,10:25,11:00,12:06
9:19,10:25,11:00,12:06
9:20,10:25,11:00,12:06
9:21,10:25,11:00,12:06
9:22,10:25,11:00,12:06
9:23,10:25,11:00,12:06
9:24,10:25,11:00,12:06
9:25,10:25,11:00,12:06
9:26,10:25,11:00,12:06
9:27,10:25,11:00,12:06
9:28,10:25,11:00,12:06
9:29,10:25,11:00,12:06
9:30,10:25,11:00,12:06
9:31,10:25,11:00,12:06
9:32,10:25,11:00,12:06
9:33,10:25,11:00,12:06
9:34,10:25,11:00,12:06
9:35,10:25,11:00,12:06
9:36,10:25,11:00,12:06
9:37,10:25,11:00,12:06
9:38,10:25,11:00,12:06
9:39,10:25,11:00,12:06
9:40,10:25,11:00,12:06
9:41,10:25,11:00,12:06
9:42,10:25,11:00,12:06
9:43,10:25,11:00,12:06
9:44,10:25,11:00,12:06
9:45,10:25,11:00,12:06
9:46,10:25,11:00,12:06
9:47,10:25,11:00,12:06
9:48,10:25,11:00,12:06
9:49,10:25,11:00,12:06
9:50,10:25,11:00,12:06
9:51,10:25,11:00,12:06
9:52,10:25,11:00,12:06
9:53,10:25,11:00,12:06
9:54,10:25,11:00,12:06
9:55,10:25,11:00,12:06
9:56,10:25,11:00,12:06
9:57,10:25,11:00,12:06
9:58,10:25,11:00,12:06
9:59,10:25,11:00,12:06
10:00,10:25,11:00,12:06
10:01,10:25,11:00,12:06
10:02,10:25,11:00,12:06
10:03,10:25,11:00,12:06
10:04,10:25,11:00,12:06
10:05,10:25,11:00,12:06
10:06,10:25,11:00,12:06
10:07,10:25,11:00,12:06
10:08,10:25,11:00,12:06
10:09,10:25,11:00,12:06
10:10,10:25,11:00,12:06
10:11,10:25,11:00,12:06
10:12,10:25,11:00,12:06
10:13,10:25,11:00,12:06
10:14,10:25,11:00,12:06
10:15,10:25,11:00,12:06
10:16,10:25,11:00,12:06
10:17,10:25,11:00,12:06
10:18,10:25,11:00,12:06
10:19,10:25,11:00,12:06
10:20,10:25,11:00,12:06
10:21,10:25,11:00,12:06
10:22,10:25,11:00,12:06
10:23,10:25,11:00,12:06
10:24,10:25,11:00,12:06
10:25,10:25,11:00,12:06
10:26,11:00,12:06,13:06
10:27,11:00,12:06,13:06
10:28,11:00,12:06,13:06
10:29,11:00,12:06,13:06
10:30,11:00,12:06,13:06
10:31,11:00,12:06,13:06
10:32,11:00,12:06,13:06
10:33,11:00,12:06,13:06
10:34,11:00,12:06,13:06
10:35,11:00,12:06,13:06
10:36,11:00,12:06,13:06
10:37,11:00,12:06,13:06
10:38,11:00,12:06,13:06
10:39,11:00,12:06,13:06
10:40,11:00,12:06,13:06
10:41,11:00,12:06,13:06
10:42,11:00,12:06,13:06
10:43,11:00,12:06,13:06
10:44,11:00,12:06,13:06
10:45,11:00,12:06,13:06
10:46,11:00,12:06,13:06
10:47,11:00,12:06,13:06
10:48,11:00,12:06,13:06
10:49,11:00,12:06,13:06
10:50,11:00,12:06,13:06
10:51,11:00,12:06,13:06
10:52,11:00,12:06,13:06
10:53,11:00,12:06,13:06
10:54,11:00,12:06,13:06
10:55,11:00,12:06,13:06
10:56,11:00,12:06,13:06
10:57,11:00,12:06,13:06
10:58,11:00,12:06,13:06
10:59,11:00,12:06,13:06
11:00,11:00,12:06,13:06
11:01,12:06,13:06,14:06
11:02,12:06,13:06,14:06
11:03,12:06,13:06,14:06
11:04,12:06,13:06,14:06
11:05,12:06,13:06,14:06
11:06,12:06,13:06,14:06
11:07,12:06,13:06,14:06
11:08,12:06,13:06,14:06
11:09,12:06,13:06,14:06
11:10,12:06,13:06,14:06
11:11,12:06,13:06,14:06
11:12,12:06,13:06,14:06
11:13,12:06,13:06,14:06
11:14,12:06,13:06,14:06
11:15,12:06,13:06,14:06
11:16,12:06,13:06,14:06
11:17,12:06,13:06,14:06
11:18,12:06,13:06,14:06
11:19,12:06,13:06,14:06
11:20,12:06,13:06,14:06
11:21,12:06,13:06,14:06
11:22,12:06,13:06,14:06
11:23,12:06,13:06,14:06
11:24,12:06,13:06,14:06
11:25,12:06,13:06,14:06
11:26,12:06,13:06,14:06
11:27,12:06,13:06,14:06
11:28,12:06,13:06,14:06
11:29,12:06,13:06,14:06
11:30,12:06,13:06,14:06
11:31,12:06,13:06,14:06
11:32,12:06,13:06,14:06
11:33,12:06,13:06,14:06
11:34,12:06,13:06,14:06
11:35,12:06,13:06,14:06
11:36,12:06,13:06,14:06
11:37,12:06,13:06,14:06
11:38,12:06,13:06,14:06
11:39,12:06,13:06,14:06
11:40,12:06,13:06,14:06
11:41,12:06,13:06,14:06
11:42,12:06,13:06,14:06
11:43,12:06,13:06,14:06
11:44,12:06,13:06,14:06
11:45,12:06,13:06,14:06
11:46,12:06,13:06,14:06
11:47,12:06,13:06,14:06
11:48,12:06,13:06,14:06
11:49,12:06,13:06,14:06
11:50,12:06,13:06,14:06
11:51,12:06,13:06,14:06
11:52,12:06,13:06,14:06
11:53,12:06,13:06,14:06
11:54,12:06,13:06,14:06
11:55,12:06,13:06,14:06
11:56,12:06,13:06,14:06
11:57,12:06,13:06,14:06
11:58,12:06,13:06,14:06
11:59,12:06,13:06,14:06
12:00,12:06,13:06,14:06
12:01,12:06,13:06,14:06
12:02,12:06,13:06,14:06
12:03,12:06,13:06,14:06
12:04,12:06,13:06,14:06
12:05,12:06,13:06,14:06
12:06,12:06,13:06,14:06
12:07,13:06,14:06,15:06
12:08,13:06,14:06,15:06
12:09,13:06,14:06,15:06
12:10,13:06,14:06,15:06
12:11,13:06,14:06,15:06
12:12,13:06,14:06,15:06
12:13,13:06,14:06,15:06
12:14,13:06,14:06,15:06
12:15,13:06,14:06,15:06
12:16,13:06,14:06,15:06
12:17,13:06,14:06,15:06
12:18,13:06,14:06,15:06
12:19,13:06,14:06,15:06
12:20,13:06,14:06,15:06
12:21,13:06,14:06,15:06
12:22,13:06,14:06,15:06
12:23,13:06,14:06,15:06
12:24,13:06,14:06,15:06
12:25,13:06,14:06,15:06
12:26,13:06,14:06,15:06
12:27,13:06,14:06,15:06
12:28,13:06,14:06,15:06
12:29,13:06,14:06,15:06
12:30,13:06,14:06,15:06
12:31,13:06,14:06,15:06
12:32,13:06,14:06,15:06
12:33,13:06,14:06,15:06
12:34,13:06,14:06,15:06
12:35,13:06,14:06,15:06
12:36,13:06,14:06,15:06
12:37,13:06,14:06,15:06
12:38,13:06,14:06,15:06
12:39,13:06,14:06,15:06
12:40,13:06,14:06,15:06
12:41,13:06,14:06,15:06
12:42,13:06,14:06,15:06
12:43,13:06,14:06,15:06
12:44,13:06,14:06,15:06
12:45,13:06,14:06,15:06
12:46,13:06,14:06,15:06
12:47,13:06,14:06,15:06
12:48,13:06,14:06,15:06
12:49,13:06,14:06,15:06
12:50,13:06,14:06,15:06
12:51,13:06,14:06,15:06
12:52,13:06,14:06,15:06
12:53,13:06,14:06,15:06
12:54,13:06,14:06,15:06
12:55,13:06,14:06,15:06
12:56,13:06,14:06,15:06
12:57,13:06,14:06,15:06
12:58,13:06,14:06,15:06
12:59,13:06,14:06,15:06
13:00,13:06,14:06,15:06
13:01,13:06,14:06,15:06
13:02,13:06,14:06,15:06
13:03,13:06,14:06,15:06
13:04,13:06,14:06,15:06
13:05,13:06,14:06,15:06
13:06,13:06,14:06,15:06
13:07,14:06,15:06,16:01
13:08,14:06,15:06,16:01
13:09,14:06,15:06,16:01
13:10,14:06,15:06,16:01
13:11,14:06,15:06,16:01
13:12,14:06,15:06,16:01
13:13,14:06,15:06,16:01
13:14,14:06,15:06,16:01
13:15,14:06,15:06,16:01
13:16,14:06,15:06,16:01
13:17,14:06,15:06,16:01
13:18,14:06,15:06,16:01
13:19,14:06,15:06,16:01
13:20,14:06,15:06,16:01
13:21,14:06,15:06,16:01
13:22,14:06,15:06,16:01
13:23,14:06,15:06,16:01
13:24,14:06,15:06,16:01
13:25,14:06,15:06,16:01
13:26,14:06,15:06,16:01
13:27,14:06,15:06,16:01
13:28,14:06,15:06,16:01
13:29,14:06,15:06,16:01
13:30,14:06,15:06,16:01
13:31,14:06,15:06,16:01
13:32,14:06,15:06,16:01
13:33,14:06,15:06,16:01
13:34,14:06,15:06,16:01
13:35,14:06,15:06,16:01
13:36,14:06,15:06,16:01
13:37,14:06,15:06,16:01
13:38,14:06,15:06,16:01
13:39,14:06,15:06,16:01
13:40,14:06,15:06,16:01
13:41,14:06,15:06,16:01
13:42,14:06,15:06,16:01
13:43,14:06,15:06,16:01
13:44,14:06,15:06,16:01
13:45,14:06,15:06,16:01
13:46,14:06,15:06,16:01
13:47,14:06,15:06,16:01
13:48,14:06,15:06,16:01
13:49,14:06,15:06,16:01
13:50,14:06,15:06,16:01
13:51,14:06,15:06,16:01
13:52,14:06,15:06,16:01
13:53,14:06,15:06,16:01
13:54,14:06,15:06,16:01
13:55,14:06,15:06,16:01
13:56,14:06,15:06,16:01
13:57,14:06,15:06,16:01
13:58,14:06,15:06,16:01
13:59,14:06,15:06,16:01
14:00,14:06,15:06,16:01
14:01,14:06,15:06,16:01
14:02,14:06,15:06,16:01
14:03,14:06,15:06,16:01
14:04,14:06,15:06,16:01
14:05,14:06,15:06,16:01
14:06,14:06,15:06,16:01
14:07,15:06,16:01,17:44
14:08,15:06,16:01,17:44
14:09,15:06,16:01,17:44
14:10,15:06,16:01,17:44
14:11,15:06,16:01,17:44
14:12,15:06,16:01,17:44
14:13,15:06,16:01,17:44
14:14,15:06,16:01,17:44
14:15,15:06,16:01,17:44
14:16,15:06,16:01,17:44
14:17,15:06,16:01,17:44
14:18,15:06,16:01,17:44
14:19,15:06,16:01,17:44
14:20,15:06,16:01,17:44
14:21,15:06,16:01,17:44
14:22,15:06,16:01,17:44
14:23,15:06,16:01,17:44
14:24,15:06,16:01,17:44
14:25,15:06,16:01,17:44
14:26,15:06,16:01,17:44
14:27,15:06,16:01,17:44
14:28,15:06,16:01,17:44
14:29,15:06,16:01,17:44
14:30,15:06,16:01,17:44
14:31,15:06,16:01,17:44
14:32,15:06,16:01,17:44
14:33,15:06,16:01,17:44
14:34,15:06,16:01,17:44
14:35,15:06,16:01,17:44
14:36,15:06,16:01,17:44
14:37,15:06,16:01,17:44
14:38,15:06,16:01,17:44
14:39,15:06,16:01,17:44
14:40,15:06,16:01,17:44
14:41,15:06,16:01,17:44
14:42,15:06,16:01,17:44
14:43,15:06,16:01,17:44
14:44,15:06,16:01,17:44
14:45,15:06,16:01,17:44
14:46,15:06,16:01,17:44
14:47,15:06,16:01,17:44
14:48,15:06,16:01,17:44
14:49,15:06,16:01,17:44
14:50,15:06,16:01,17:44
14:51,15:06,16:01,17:44
14:52,15:06,16:01,17:44
14:53,15:06,16:01,17:44
14:54,15:06,16:01,17:44
14:55,15:06,16:01,17:44
14:56,15:06,16:01,17:44
14:57,15:06,16:01,17:44
14:58,15:06,16:01,17:44
14:59,15:06,16:01,17:44
15:00,15:06,16:01,17:44
15:01,15:06,16:01,17:44
15:02,15:06,16:01,17:44
15:03,15:06,16:01,17:44
15:04,15:06,16:01,17:44
15:05,15:06,16:01,17:44
15:06,15:06,16:01,17:44
15:07,16:01,17:44,これ以降の運行時刻はありません。
15:08,16:01,17:44,これ以降の運行時刻はありません。
15:09,16:01,17:44,これ以降の運行時刻はありません。
15:10,16:01,17:44,これ以降の運行時刻はありません。
15:11,16:01,17:44,これ以降の運行時刻はありません。
15:12,16:01,17:44,これ以降の運行時刻はありません。
15:13,16:01,17:44,これ以降の運行時刻はありません。
15:14,16:01,17:44,これ以降の運行時刻はありません。
15:15,16:01,17:44,これ以降の運行時刻はありません。
15:16,16:01,17:44,これ以降の運行時刻はありません。
15:17,16:01,17:44,これ以降の運行時刻はありません。
15:18,16:01,17:44,これ以降の運行時刻はありません。
15:19,16:01,17:44,これ以降の運行時刻はありません。
15:20,16:01,17:44,これ以降の運行時刻はありません。
15:21,16:01,17:44,これ以降の運行時刻はありません。
15:22,16:01,17:44,これ以降の運行時刻はありません。
15:23,16:01,17:44,これ以降の運行時刻はありません。
15:24,16:01,17:44,これ以降の運行時刻はありません。
15:25,16:01,17:44,これ以降の運行時刻はありません。
15:26,16:01,17:44,これ以降の運行時刻はありません。
15:27,16:01,17:44,これ以降の運行時刻はありません。
15:28,16:01,17:44,これ以降の運行時刻はありません。
15:29,16:01,17:44,これ以降の運行時刻はありません。
15:30,16:01,17:44,これ以降の運行時刻はありません。
15:31,16:01,17:44,これ以降の運行時刻はありません。
15:32,16:01,17:44,これ以降の運行時刻はありません。
15:33,16:01,17:44,これ以降の運行時刻はありません。
15:34,16:01,17:44,これ以降の運行時刻はありません。
15:35,16:01,17:44,これ以降の運行時刻はありません。
15:36,16:01,17:44,これ以降の運行時刻はありません。
15:37,16:01,17:44,これ以降の運行時刻はありません。
15:38,16:01,17:44,これ以降の運行時刻はありません。
15:39,16:01,17:44,これ以降の運行時刻はありません。
15:40,16:01,17:44,これ以降の運行時刻はありません。
15:41,16:01,17:44,これ以降の運行時刻はありません。
15:42,16:01,17:44,これ以降の運行時刻はありません。
15:43,16:01,17:44,これ以降の運行時刻はありません。
15:44,16:01,17:44,これ以降の運行時刻はありません。
15:45,16:01,17:44,これ以降の運行時刻はありません。
15:46,16:01,17:44,これ以降の運行時刻はありません。
15:47,16:01,17:44,これ以降の運行時刻はありません。
15:48,16:01,17:44,これ以降の運行時刻はありません。
15:49,16:01,17:44,これ以降の運行時刻はありません。
15:50,16:01,17:44,これ以降の運行時刻はありません。
15:51,16:01,17:44,これ以降の運行時刻はありません。
15:52,16:01,17:44,これ以降の運行時刻はありません。
15:53,16:01,17:44,これ以降の運行時刻はありません。
15:54,16:01,17:44,これ以降の運行時刻はありません。
15:55,16:01,17:44,これ以降の運行時刻はありません。
15:56,16:01,17:44,これ以降の運行時刻はありません。
15:57,16:01,17:44,これ以降の運行時刻はありません。
15:58,16:01,17:44,これ以降の運行時刻はありません。
15:59,16:01,17:44,これ以降の運行時刻はありません。
16:00,16:01,17:44,これ以降の運行時刻はありません。
16:01,16:01,17:44,これ以降の運行時刻はありません。
16:02,17:44,これ以降の運行時刻はありません。,
16:03,17:44,これ以降の運行時刻はありません。,
16:04,17:44,これ以降の運行時刻はありません。,
16:05,17:44,これ以降の運行時刻はありません。,
16:06,17:44,これ以降の運行時刻はありません。,
16:07,17:44,これ以降の運行時刻はありません。,
16:08,17:44,これ以降の運行時刻はありません。,
16:09,17:44,これ以降の運行時刻はありません。,
16:10,17:44,これ以降の運行時刻はありません。,
16:11,17:44,これ以降の運行時刻はありません。,
16:12,17:44,これ以降の運行時刻はありません。,
16:13,17:44,これ以降の運行時刻はありません。,
16:14,17:44,これ以降の運行時刻はありません。,
16:15,17:44,これ以降の運行時刻はありません。,
16:16,17:44,これ以降の運行時刻はありません。,
16:17,17:44,これ以降の運行時刻はありません。,
16:18,17:44,これ以降の運行時刻はありません。,
16:19,17:44,これ以降の運行時刻はありません。,
16:20,17:44,これ以降の運行時刻はありません。,
16:21,17:44,これ以降の運行時刻はありません。,
16:22,17:44,これ以降の運行時刻はありません。,
16:23,17:44,これ以降の運行時刻はありません。,
16:24,17:44,これ以降の運行時刻はありません。,
16:25,17:44,これ以降の運行時刻はありません。,
16:26,17:44,これ以降の運行時刻はありません。,
16:27,17:44,これ以降の運行時刻はありません。,
16:28,17:44,これ以降の運行時刻はありません。,
16:29,17:44,これ以降の運行時刻はありません。,
16:30,17:44,これ以降の運行時刻はありません。,
16:31,17:44,これ以降の運行時刻はありません。,
16:32,17:44,これ以降の運行時刻はありません。,
16:33,17:44,これ以降の運行時刻はありません。,
16:34,17:44,これ以降の運行時刻はありません。,
16:35,17:44,これ以降の運行時刻はありません。,
16:36,17:44,これ以降の運行時刻はありません。,
16:37,17:44,これ以降の運行時刻はありません。,
16:38,17:44,これ以降の運行時刻はありません。,
16:39,17:44,これ以降の運行時刻はありません。,
16:40,17:44,これ以降の運行時刻はありません。,
16:41,17:44,これ以降の運行時刻はありません。,
16:42,17:44,これ以降の運行時刻はありません。,
16:43,17:44,これ以降の運行時刻はありません。,
16:44,17:44,これ以降の運行時刻はありません。,
16:45,17:44,これ以降の運行時刻はありません。,
16:46,17:44,これ以降の運行時刻はありません。,
16:47,17:44,これ以降の運行時刻はありません。,
16:48,17:44,これ以降の運行時刻はありません。,
16:49,17:44,これ以降の運行時刻はありません。,
16:50,17:44,これ以降の運行時刻はありません。,
16:51,17:44,これ以降の運行時刻はありません。,
16:52,17:44,これ以降の運行時刻はありません。,
16:53,17:44,これ以降の運行時刻はありません。,
16:54,17:44,これ以降の運行時刻はありません。,
16:55,17:44,これ以降の運行時刻はありません。,
16:56,17:44,これ以降の運行時刻はありません。,
16:57,17:44,これ以降の運行時刻はありません。,
16:58,17:44,これ以降の運行時刻はありません。,
16:59,17:44,これ以降の運行時刻はありません。,
17:00,17:44,これ以降の運行時刻はありません。,
17:01,17:44,これ以降の運行時刻はありません。,
17:02,17:44,これ以降の運行時刻はありません。,
17:03,17:44,これ以降の運行時刻はありません。,
17:04,17:44,これ以降の運行時刻はありません。,
17:05,17:44,これ以降の運行時刻はありません。,
17:06,17:44,これ以降の運行時刻はありません。,
17:07,17:44,これ以降の運行時刻はありません。,
17:08,17:44,これ以降の運行時刻はありません。,
17:09,17:44,これ以降の運行時刻はありません。,
17:10,17:44,これ以降の運行時刻はありません。,
17:11,17:44,これ以降の運行時刻はありません。,
17:12,17:44,これ以降の運行時刻はありません。,
17:13,17:44,これ以降の運行時刻はありません。,
17:14,17:44,これ以降の運行時刻はありません。,
17:15,17:44,これ以降の運行時刻はありません。,
17:16,17:44,これ以降の運行時刻はありません。,
17:17,17:44,これ以降の運行時刻はありません。,
17:18,17:44,これ以降の運行時刻はありません。,
17:19,17:44,これ以降の運行時刻はありません。,
17:20,17:44,これ以降の運行時刻はありません。,
17:21,17:44,これ以降の運行時刻はありません。,
17:22,17:44,これ以降の運行時刻はありません。,
17:23,17:44,これ以降の運行時刻はありません。,
17:24,17:44,これ以降の運行時刻はありません。,
17:25,17:44,これ以降の運行時刻はありません。,
17:26,17:44,これ以降の運行時刻はありません。,
17:27,17:44,これ以降の運行時刻はありません。,
17:28,17:44,これ以降の運行時刻はありません。,
17:29,17:44,これ以降の運行時刻はありません。,
17:30,17:44,これ以降の運行時刻はありません。,
17:31,17:44,これ以降の運行時刻はありません。,
17:32,17:44,これ以降の運行時刻はありません。,
17:33,17:44,これ以降の運行時刻はありません。,
17:34,17:44,これ以降の運行時刻はありません。,
17:35,17:44,これ以降の運行時刻はありません。,
17:36,17:44,これ以降の運行時刻はありません。,
17:37,17:44,これ以降の運行時刻はありません。,
17:38,17:44,これ以降の運行時刻はありません。,
17:39,17:44,これ以降の運行時刻はありません。,
17:40,17:44,これ以降の運行時刻はありません。,
17:41,17:44,これ以降の運行時刻はありません。,
17:42,17:44,これ以降の運行時刻はありません。,
17:43,17:44,これ以降の運行時刻はありません。,
17:44,17:44,これ以降の運行時刻はありません。,
17:45,本日の運行は終了しました。,　　,
17:46,本日の運行は終了しました。,　　,
17:47,本日の運行は終了しました。,　　,
17:48,本日の運行は終了しました。,　　,
17:49,本日の運行は終了しました。,　　,
17:50,本日の運行は終了しました。,　　,
17:51,本日の運行は終了しました。,　　,
17:52,本日の運行は終了しました。,　　,
17:53,本日の運行は終了しました。,　　,
17:54,本日の運行は終了しました。,　　,
17:55,本日の運行は終了しました。,　　,
17:56,本日の運行は終了しました。,　　,
17:57,本日の運行は終了しました。,　　,
17:58,本日の運行は終了しました。,　　,
17:59,本日の運行は終了しました。,　　,
18:00,本日の運行は終了しました。,　　,
18:01,本日の運行は終了しました。,　　,
18:02,本日の運行は終了しました。,　　,
18:03,本日の運行は終了しました。,　　,
18:04,本日の運行は終了しました。,　　,
18:05,本日の運行は終了しました。,　　,
18:06,本日の運行は終了しました。,　　,
18:07,本日の運行は終了しました。,　　,
18:08,本日の運行は終了しました。,　　,
18:09,本日の運行は終了しました。,　　,
18:10,本日の運行は終了しました。,　　,
18:11,本日の運行は終了しました。,　　,
18:12,本日の運行は終了しました。,　　,
18:13,本日の運行は終了しました。,　　,
18:14,本日の運行は終了しました。,　　,
18:15,本日の運行は終了しました。,　　,
18:16,本日の運行は終了しました。,　　,
18:17,本日の運行は終了しました。,　　,
18:18,本日の運行は終了しました。,　　,
18:19,本日の運行は終了しました。,　　,
18:20,本日の運行は終了しました。,　　,
18:21,本日の運行は終了しました。,　　,
18:22,本日の運行は終了しました。,　　,
18:23,本日の運行は終了しました。,　　,
18:24,本日の運行は終了しました。,　　,
18:25,本日の運行は終了しました。,　　,
18:26,本日の運行は終了しました。,　　,
18:27,本日の運行は終了しました。,　　,
18:28,本日の運行は終了しました。,　　,
18:29,本日の運行は終了しました。,　　,
18:30,本日の運行は終了しました。,　　,
18:31,本日の運行は終了しました。,　　,
18:32,本日の運行は終了しました。,　　,
18:33,本日の運行は終了しました。,　　,
18:34,本日の運行は終了しました。,　　,
18:35,本日の運行は終了しました。,　　,
18:36,本日の運行は終了しました。,　　,
18:37,本日の運行は終了しました。,　　,
18:38,本日の運行は終了しました。,　　,
18:39,本日の運行は終了しました。,　　,
18:40,本日の運行は終了しました。,　　,
18:41,本日の運行は終了しました。,　　,
18:42,本日の運行は終了しました。,　　,
18:43,本日の運行は終了しました。,　　,
18:44,本日の運行は終了しました。,　　,
18:45,本日の運行は終了しました。,　　,
18:46,本日の運行は終了しました。,　　,
18:47,本日の運行は終了しました。,　　,
18:48,本日の運行は終了しました。,　　,
18:49,本日の運行は終了しました。,　　,
18:50,本日の運行は終了しました。,　　,
18:51,本日の運行は終了しました。,　　,
18:52,本日の運行は終了しました。,　　,
18:53,本日の運行は終了しました。,　　,
18:54,本日の運行は終了しました。,　　,
18:55,本日の運行は終了しました。,　　,
18:56,本日の運行は終了しました。,　　,
18:57,本日の運行は終了しました。,　　,
18:58,本日の運行は終了しました。,　　,
18:59,本日の運行は終了しました。,　　,
19:00,本日の運行は終了しました。,　　,
19:01,本日の運行は終了しました。,　　,
19:02,本日の運行は終了しました。,　　,
19:03,本日の運行は終了しました。,　　,
19:04,本日の運行は終了しました。,　　,
19:05,本日の運行は終了しました。,　　,
19:06,本日の運行は終了しました。,　　,
19:07,本日の運行は終了しました。,　　,
19:08,本日の運行は終了しました。,　　,
19:09,本日の運行は終了しました。,　　,
19:10,本日の運行は終了しました。,　　,
19:11,本日の運行は終了しました。,　　,
19:12,本日の運行は終了しました。,　　,
19:13,本日の運行は終了しました。,　　,
19:14,本日の運行は終了しました。,　　,
19:15,本日の運行は終了しました。,　　,
19:16,本日の運行は終了しました。,　　,
19:17,本日の運行は終了しました。,　　,
19:18,本日の運行は終了しました。,　　,
19:19,本日の運行は終了しました。,　　,
19:20,本日の運行は終了しました。,　　,
19:21,本日の運行は終了しました。,　　,
19:22,本日の運行は終了しました。,　　,
19:23,本日の運行は終了しました。,　　,
19:24,本日の運行は終了しました。,　　,
19:25,本日の運行は終了しました。,　　,
19:26,本日の運行は終了しました。,　　,
19:27,本日の運行は終了しました。,　　,
19:28,本日の運行は終了しました。,　　,
19:29,本日の運行は終了しました。,　　,
19:30,本日の運行は終了しました。,　　,
19:31,本日の運行は終了しました。,　　,
19:32,本日の運行は終了しました。,　　,
19:33,本日の運行は終了しました。,　　,
19:34,本日の運行は終了しました。,　　,
19:35,本日の運行は終了しました。,　　,
19:36,本日の運行は終了しました。,　　,
19:37,本日の運行は終了しました。,　　,
19:38,本日の運行は終了しました。,　　,
19:39,本日の運行は終了しました。,　　,
19:40,本日の運行は終了しました。,　　,
19:41,本日の運行は終了しました。,　　,
19:42,本日の運行は終了しました。,　　,
19:43,本日の運行は終了しました。,　　,
19:44,本日の運行は終了しました。,　　,
19:45,本日の運行は終了しました。,　　,
19:46,本日の運行は終了しました。,　　,
19:47,本日の運行は終了しました。,　　,
19:48,本日の運行は終了しました。,　　,
19:49,本日の運行は終了しました。,　　,
19:50,本日の運行は終了しました。,　　,
19:51,本日の運行は終了しました。,　　,
19:52,本日の運行は終了しました。,　　,
19:53,本日の運行は終了しました。,　　,
19:54,本日の運行は終了しました。,　　,
19:55,本日の運行は終了しました。,　　,
19:56,本日の運行は終了しました。,　　,
19:57,本日の運行は終了しました。,　　,
19:58,本日の運行は終了しました。,　　,
19:59,本日の運行は終了しました。,　　,
20:00,本日の運行は終了しました。,　　,
20:01,本日の運行は終了しました。,　　,
20:02,本日の運行は終了しました。,　　,
20:03,本日の運行は終了しました。,　　,
20:04,本日の運行は終了しました。,　　,
20:05,本日の運行は終了しました。,　　,
20:06,本日の運行は終了しました。,　　,
20:07,本日の運行は終了しました。,　　,
20:08,本日の運行は終了しました。,　　,
20:09,本日の運行は終了しました。,　　,
20:10,本日の運行は終了しました。,　　,
20:11,本日の運行は終了しました。,　　,
20:12,本日の運行は終了しました。,　　,
20:13,本日の運行は終了しました。,　　,
20:14,本日の運行は終了しました。,　　,
20:15,本日の運行は終了しました。,　　,
20:16,本日の運行は終了しました。,　　,
20:17,本日の運行は終了しました。,　　,
20:18,本日の運行は終了しました。,　　,
20:19,本日の運行は終了しました。,　　,
20:20,本日の運行は終了しました。,　　,
20:21,本日の運行は終了しました。,　　,
20:22,本日の運行は終了しました。,　　,
20:23,本日の運行は終了しました。,　　,
20:24,本日の運行は終了しました。,　　,
20:25,本日の運行は終了しました。,　　,
20:26,本日の運行は終了しました。,　　,
20:27,本日の運行は終了しました。,　　,
20:28,本日の運行は終了しました。,　　,
20:29,本日の運行は終了しました。,　　,
20:30,本日の運行は終了しました。,　　,
20:31,本日の運行は終了しました。,　　,
20:32,本日の運行は終了しました。,　　,
20:33,本日の運行は終了しました。,　　,
20:34,本日の運行は終了しました。,　　,
20:35,本日の運行は終了しました。,　　,
20:36,本日の運行は終了しました。,　　,
20:37,本日の運行は終了しました。,　　,
20:38,本日の運行は終了しました。,　　,
20:39,本日の運行は終了しました。,　　,
20:40,本日の運行は終了しました。,　　,
20:41,本日の運行は終了しました。,　　,
20:42,本日の運行は終了しました。,　　,
20:43,本日の運行は終了しました。,　　,
20:44,本日の運行は終了しました。,　　,
20:45,本日の運行は終了しました。,　　,
20:46,本日の運行は終了しました。,　　,
20:47,本日の運行は終了しました。,　　,
20:48,本日の運行は終了しました。,　　,
20:49,本日の運行は終了しました。,　　,
20:50,本日の運行は終了しました。,　　,
20:51,本日の運行は終了しました。,　　,
20:52,本日の運行は終了しました。,　　,
20:53,本日の運行は終了しました。,　　,
20:54,本日の運行は終了しました。,　　,
20:55,本日の運行は終了しました。,　　,
20:56,本日の運行は終了しました。,　　,
20:57,本日の運行は終了しました。,　　,
20:58,本日の運行は終了しました。,　　,
20:59,本日の運行は終了しました。,　　,
21:00,本日の運行は終了しました。,　　,
21:01,本日の運行は終了しました。,　　,
21:02,本日の運行は終了しました。,　　,
21:03,本日の運行は終了しました。,　　,
21:04,本日の運行は終了しました。,　　,
21:05,本日の運行は終了しました。,　　,
21:06,本日の運行は終了しました。,　　,
21:07,本日の運行は終了しました。,　　,
21:08,本日の運行は終了しました。,　　,
21:09,本日の運行は終了しました。,　　,
21:10,本日の運行は終了しました。,　　,
21:11,本日の運行は終了しました。,　　,
21:12,本日の運行は終了しました。,　　,
21:13,本日の運行は終了しました。,　　,
21:14,本日の運行は終了しました。,　　,
21:15,本日の運行は終了しました。,　　,
21:16,本日の運行は終了しました。,　　,
21:17,本日の運行は終了しました。,　　,
21:18,本日の運行は終了しました。,　　,
21:19,本日の運行は終了しました。,　　,
21:20,本日の運行は終了しました。,　　,
21:21,本日の運行は終了しました。,　　,
21:22,本日の運行は終了しました。,　　,
21:23,本日の運行は終了しました。,　　,
21:24,本日の運行は終了しました。,　　,
21:25,本日の運行は終了しました。,　　,
21:26,本日の運行は終了しました。,　　,
21:27,本日の運行は終了しました。,　　,
21:28,本日の運行は終了しました。,　　,
21:29,本日の運行は終了しました。,　　,
21:30,本日の運行は終了しました。,　　,
21:31,本日の運行は終了しました。,　　,
21:32,本日の運行は終了しました。,　　,
21:33,本日の運行は終了しました。,　　,
21:34,本日の運行は終了しました。,　　,
21:35,本日の運行は終了しました。,　　,
21:36,本日の運行は終了しました。,　　,
21:37,本日の運行は終了しました。,　　,
21:38,本日の運行は終了しました。,　　,
21:39,本日の運行は終了しました。,　　,
21:40,本日の運行は終了しました。,　　,
21:41,本日の運行は終了しました。,　　,
21:42,本日の運行は終了しました。,　　,
21:43,本日の運行は終了しました。,　　,
21:44,本日の運行は終了しました。,　　,
21:45,本日の運行は終了しました。,　　,
21:46,本日の運行は終了しました。,　　,
21:47,本日の運行は終了しました。,　　,
21:48,本日の運行は終了しました。,　　,
21:49,本日の運行は終了しました。,　　,
21:50,本日の運行は終了しました。,　　,
21:51,本日の運行は終了しました。,　　,
21:52,本日の運行は終了しました。,　　,
21:53,本日の運行は終了しました。,　　,
21:54,本日の運行は終了しました。,　　,
21:55,本日の運行は終了しました。,　　,
21:56,本日の運行は終了しました。,　　,
21:57,本日の運行は終了しました。,　　,
21:58,本日の運行は終了しました。,　　,
21:59,本日の運行は終了しました。,　　,
22:00,本日の運行は終了しました。,　　,
22:01,本日の運行は終了しました。,　　,
22:02,本日の運行は終了しました。,　　,
22:03,本日の運行は終了しました。,　　,
22:04,本日の運行は終了しました。,　　,
22:05,本日の運行は終了しました。,　　,
22:06,本日の運行は終了しました。,　　,
22:07,本日の運行は終了しました。,　　,
22:08,本日の運行は終了しました。,　　,
22:09,本日の運行は終了しました。,　　,
22:10,本日の運行は終了しました。,　　,
22:11,本日の運行は終了しました。,　　,
22:12,本日の運行は終了しました。,　　,
22:13,本日の運行は終了しました。,　　,
22:14,本日の運行は終了しました。,　　,
22:15,本日の運行は終了しました。,　　,
22:16,本日の運行は終了しました。,　　,
22:17,本日の運行は終了しました。,　　,
22:18,本日の運行は終了しました。,　　,
22:19,本日の運行は終了しました。,　　,
22:20,本日の運行は終了しました。,　　,
22:21,本日の運行は終了しました。,　　,
22:22,本日の運行は終了しました。,　　,
22:23,本日の運行は終了しました。,　　,
22:24,本日の運行は終了しました。,　　,
22:25,本日の運行は終了しました。,　　,
22:26,本日の運行は終了しました。,　　,
22:27,本日の運行は終了しました。,　　,
22:28,本日の運行は終了しました。,　　,
22:29,本日の運行は終了しました。,　　,
22:30,本日の運行は終了しました。,　　,
22:31,本日の運行は終了しました。,　　,
22:32,本日の運行は終了しました。,　　,
22:33,本日の運行は終了しました。,　　,
22:34,本日の運行は終了しました。,　　,
22:35,本日の運行は終了しました。,　　,
22:36,本日の運行は終了しました。,　　,
22:37,本日の運行は終了しました。,　　,
22:38,本日の運行は終了しました。,　　,
22:39,本日の運行は終了しました。,　　,
22:40,本日の運行は終了しました。,　　,
22:41,本日の運行は終了しました。,　　,
22:42,本日の運行は終了しました。,　　,
22:43,本日の運行は終了しました。,　　,
22:44,本日の運行は終了しました。,　　,
22:45,本日の運行は終了しました。,　　,
22:46,本日の運行は終了しました。,　　,
22:47,本日の運行は終了しました。,　　,
22:48,本日の運行は終了しました。,　　,
22:49,本日の運行は終了しました。,　　,
22:50,本日の運行は終了しました。,　　,
22:51,本日の運行は終了しました。,　　,
22:52,本日の運行は終了しました。,　　,
22:53,本日の運行は終了しました。,　　,
22:54,本日の運行は終了しました。,　　,
22:55,本日の運行は終了しました。,　　,
22:56,本日の運行は終了しました。,　　,
22:57,本日の運行は終了しました。,　　,
22:58,本日の運行は終了しました。,　　,
22:59,本日の運行は終了しました。,　　,
23:00,本日の運行は終了しました。,　　,
23:01,本日の運行は終了しました。,　　,
23:02,本日の運行は終了しました。,　　,
23:03,本日の運行は終了しました。,　　,
23:04,本日の運行は終了しました。,　　,
23:05,本日の運行は終了しました。,　　,
23:06,本日の運行は終了しました。,　　,
23:07,本日の運行は終了しました。,　　,
23:08,本日の運行は終了しました。,　　,
23:09,本日の運行は終了しました。,　　,
23:10,本日の運行は終了しました。,　　,
23:11,本日の運行は終了しました。,　　,
23:12,本日の運行は終了しました。,　　,
23:13,本日の運行は終了しました。,　　,
23:14,本日の運行は終了しました。,　　,
23:15,本日の運行は終了しました。,　　,
23:16,本日の運行は終了しました。,　　,
23:17,本日の運行は終了しました。,　　,
23:18,本日の運行は終了しました。,　　,
23:19,本日の運行は終了しました。,　　,
23:20,本日の運行は終了しました。,　　,
23:21,本日の運行は終了しました。,　　,
23:22,本日の運行は終了しました。,　　,
23:23,本日の運行は終了しました。,　　,
23:24,本日の運行は終了しました。,　　,
23:25,本日の運行は終了しました。,　　,
23:26,本日の運行は終了しました。,　　,
23:27,本日の運行は終了しました。,　　,
23:28,本日の運行は終了しました。,　　,
23:29,本日の運行は終了しました。,　　,
23:30,本日の運行は終了しました。,　　,
23:31,本日の運行は終了しました。,　　,
23:32,本日の運行は終了しました。,　　,
23:33,本日の運行は終了しました。,　　,
23:34,本日の運行は終了しました。,　　,
23:35,本日の運行は終了しました。,　　,
23:36,本日の運行は終了しました。,　　,
23:37,本日の運行は終了しました。,　　,
23:38,本日の運行は終了しました。,　　,
23:39,本日の運行は終了しました。,　　,
23:40,本日の運行は終了しました。,　　,
23:41,本日の運行は終了しました。,　　,
23:42,本日の運行は終了しました。,　　,
23:43,本日の運行は終了しました。,　　,
23:44,本日の運行は終了しました。,　　,
23:45,本日の運行は終了しました。,　　,
23:46,本日の運行は終了しました。,　　,
23:47,本日の運行は終了しました。,　　,
23:48,本日の運行は終了しました。,　　,
23:49,本日の運行は終了しました。,　　,
23:50,本日の運行は終了しました。,　　,
23:51,本日の運行は終了しました。,　　,
23:52,本日の運行は終了しました。,　　,
23:53,本日の運行は終了しました。,　　,
23:54,本日の運行は終了しました。,　　,
23:55,本日の運行は終了しました。,　　,
23:56,本日の運行は終了しました。,　　,
23:57,本日の運行は終了しました。,　　,
23:58,本日の運行は終了しました。,　　,
23:59,本日の運行は終了しました。,　　,　　
