0:00,9:46,10:07,10:16
0:01,9:46,10:07,10:16
0:02,9:46,10:07,10:16
0:03,9:46,10:07,10:16
0:04,9:46,10:07,10:16
0:05,9:46,10:07,10:16
0:06,9:46,10:07,10:16
0:07,9:46,10:07,10:16
0:08,9:46,10:07,10:16
0:09,9:46,10:07,10:16
0:10,9:46,10:07,10:16
0:11,9:46,10:07,10:16
0:12,9:46,10:07,10:16
0:13,9:46,10:07,10:16
0:14,9:46,10:07,10:16
0:15,9:46,10:07,10:16
0:16,9:46,10:07,10:16
0:17,9:46,10:07,10:16
0:18,9:46,10:07,10:16
0:19,9:46,10:07,10:16
0:20,9:46,10:07,10:16
0:21,9:46,10:07,10:16
0:22,9:46,10:07,10:16
0:23,9:46,10:07,10:16
0:24,9:46,10:07,10:16
0:25,9:46,10:07,10:16
0:26,9:46,10:07,10:16
0:27,9:46,10:07,10:16
0:28,9:46,10:07,10:16
0:29,9:46,10:07,10:16
0:30,9:46,10:07,10:16
0:31,9:46,10:07,10:16
0:32,9:46,10:07,10:16
0:33,9:46,10:07,10:16
0:34,9:46,10:07,10:16
0:35,9:46,10:07,10:16
0:36,9:46,10:07,10:16
0:37,9:46,10:07,10:16
0:38,9:46,10:07,10:16
0:39,9:46,10:07,10:16
0:40,9:46,10:07,10:16
0:41,9:46,10:07,10:16
0:42,9:46,10:07,10:16
0:43,9:46,10:07,10:16
0:44,9:46,10:07,10:16
0:45,9:46,10:07,10:16
0:46,9:46,10:07,10:16
0:47,9:46,10:07,10:16
0:48,9:46,10:07,10:16
0:49,9:46,10:07,10:16
0:50,9:46,10:07,10:16
0:51,9:46,10:07,10:16
0:52,9:46,10:07,10:16
0:53,9:46,10:07,10:16
0:54,9:46,10:07,10:16
0:55,9:46,10:07,10:16
0:56,9:46,10:07,10:16
0:57,9:46,10:07,10:16
0:58,9:46,10:07,10:16
0:59,9:46,10:07,10:16
1:00,9:46,10:07,10:16
1:01,9:46,10:07,10:16
1:02,9:46,10:07,10:16
1:03,9:46,10:07,10:16
1:04,9:46,10:07,10:16
1:05,9:46,10:07,10:16
1:06,9:46,10:07,10:16
1:07,9:46,10:07,10:16
1:08,9:46,10:07,10:16
1:09,9:46,10:07,10:16
1:10,9:46,10:07,10:16
1:11,9:46,10:07,10:16
1:12,9:46,10:07,10:16
1:13,9:46,10:07,10:16
1:14,9:46,10:07,10:16
1:15,9:46,10:07,10:16
1:16,9:46,10:07,10:16
1:17,9:46,10:07,10:16
1:18,9:46,10:07,10:16
1:19,9:46,10:07,10:16
1:20,9:46,10:07,10:16
1:21,9:46,10:07,10:16
1:22,9:46,10:07,10:16
1:23,9:46,10:07,10:16
1:24,9:46,10:07,10:16
1:25,9:46,10:07,10:16
1:26,9:46,10:07,10:16
1:27,9:46,10:07,10:16
1:28,9:46,10:07,10:16
1:29,9:46,10:07,10:16
1:30,9:46,10:07,10:16
1:31,9:46,10:07,10:16
1:32,9:46,10:07,10:16
1:33,9:46,10:07,10:16
1:34,9:46,10:07,10:16
1:35,9:46,10:07,10:16
1:36,9:46,10:07,10:16
1:37,9:46,10:07,10:16
1:38,9:46,10:07,10:16
1:39,9:46,10:07,10:16
1:40,9:46,10:07,10:16
1:41,9:46,10:07,10:16
1:42,9:46,10:07,10:16
1:43,9:46,10:07,10:16
1:44,9:46,10:07,10:16
1:45,9:46,10:07,10:16
1:46,9:46,10:07,10:16
1:47,9:46,10:07,10:16
1:48,9:46,10:07,10:16
1:49,9:46,10:07,10:16
1:50,9:46,10:07,10:16
1:51,9:46,10:07,10:16
1:52,9:46,10:07,10:16
1:53,9:46,10:07,10:16
1:54,9:46,10:07,10:16
1:55,9:46,10:07,10:16
1:56,9:46,10:07,10:16
1:57,9:46,10:07,10:16
1:58,9:46,10:07,10:16
1:59,9:46,10:07,10:16
2:00,9:46,10:07,10:16
2:01,9:46,10:07,10:16
2:02,9:46,10:07,10:16
2:03,9:46,10:07,10:16
2:04,9:46,10:07,10:16
2:05,9:46,10:07,10:16
2:06,9:46,10:07,10:16
2:07,9:46,10:07,10:16
2:08,9:46,10:07,10:16
2:09,9:46,10:07,10:16
2:10,9:46,10:07,10:16
2:11,9:46,10:07,10:16
2:12,9:46,10:07,10:16
2:13,9:46,10:07,10:16
2:14,9:46,10:07,10:16
2:15,9:46,10:07,10:16
2:16,9:46,10:07,10:16
2:17,9:46,10:07,10:16
2:18,9:46,10:07,10:16
2:19,9:46,10:07,10:16
2:20,9:46,10:07,10:16
2:21,9:46,10:07,10:16
2:22,9:46,10:07,10:16
2:23,9:46,10:07,10:16
2:24,9:46,10:07,10:16
2:25,9:46,10:07,10:16
2:26,9:46,10:07,10:16
2:27,9:46,10:07,10:16
2:28,9:46,10:07,10:16
2:29,9:46,10:07,10:16
2:30,9:46,10:07,10:16
2:31,9:46,10:07,10:16
2:32,9:46,10:07,10:16
2:33,9:46,10:07,10:16
2:34,9:46,10:07,10:16
2:35,9:46,10:07,10:16
2:36,9:46,10:07,10:16
2:37,9:46,10:07,10:16
2:38,9:46,10:07,10:16
2:39,9:46,10:07,10:16
2:40,9:46,10:07,10:16
2:41,9:46,10:07,10:16
2:42,9:46,10:07,10:16
2:43,9:46,10:07,10:16
2:44,9:46,10:07,10:16
2:45,9:46,10:07,10:16
2:46,9:46,10:07,10:16
2:47,9:46,10:07,10:16
2:48,9:46,10:07,10:16
2:49,9:46,10:07,10:16
2:50,9:46,10:07,10:16
2:51,9:46,10:07,10:16
2:52,9:46,10:07,10:16
2:53,9:46,10:07,10:16
2:54,9:46,10:07,10:16
2:55,9:46,10:07,10:16
2:56,9:46,10:07,10:16
2:57,9:46,10:07,10:16
2:58,9:46,10:07,10:16
2:59,9:46,10:07,10:16
3:00,9:46,10:07,10:16
3:01,9:46,10:07,10:16
3:02,9:46,10:07,10:16
3:03,9:46,10:07,10:16
3:04,9:46,10:07,10:16
3:05,9:46,10:07,10:16
3:06,9:46,10:07,10:16
3:07,9:46,10:07,10:16
3:08,9:46,10:07,10:16
3:09,9:46,10:07,10:16
3:10,9:46,10:07,10:16
3:11,9:46,10:07,10:16
3:12,9:46,10:07,10:16
3:13,9:46,10:07,10:16
3:14,9:46,10:07,10:16
3:15,9:46,10:07,10:16
3:16,9:46,10:07,10:16
3:17,9:46,10:07,10:16
3:18,9:46,10:07,10:16
3:19,9:46,10:07,10:16
3:20,9:46,10:07,10:16
3:21,9:46,10:07,10:16
3:22,9:46,10:07,10:16
3:23,9:46,10:07,10:16
3:24,9:46,10:07,10:16
3:25,9:46,10:07,10:16
3:26,9:46,10:07,10:16
3:27,9:46,10:07,10:16
3:28,9:46,10:07,10:16
3:29,9:46,10:07,10:16
3:30,9:46,10:07,10:16
3:31,9:46,10:07,10:16
3:32,9:46,10:07,10:16
3:33,9:46,10:07,10:16
3:34,9:46,10:07,10:16
3:35,9:46,10:07,10:16
3:36,9:46,10:07,10:16
3:37,9:46,10:07,10:16
3:38,9:46,10:07,10:16
3:39,9:46,10:07,10:16
3:40,9:46,10:07,10:16
3:41,9:46,10:07,10:16
3:42,9:46,10:07,10:16
3:43,9:46,10:07,10:16
3:44,9:46,10:07,10:16
3:45,9:46,10:07,10:16
3:46,9:46,10:07,10:16
3:47,9:46,10:07,10:16
3:48,9:46,10:07,10:16
3:49,9:46,10:07,10:16
3:50,9:46,10:07,10:16
3:51,9:46,10:07,10:16
3:52,9:46,10:07,10:16
3:53,9:46,10:07,10:16
3:54,9:46,10:07,10:16
3:55,9:46,10:07,10:16
3:56,9:46,10:07,10:16
3:57,9:46,10:07,10:16
3:58,9:46,10:07,10:16
3:59,9:46,10:07,10:16
4:00,9:46,10:07,10:16
4:01,9:46,10:07,10:16
4:02,9:46,10:07,10:16
4:03,9:46,10:07,10:16
4:04,9:46,10:07,10:16
4:05,9:46,10:07,10:16
4:06,9:46,10:07,10:16
4:07,9:46,10:07,10:16
4:08,9:46,10:07,10:16
4:09,9:46,10:07,10:16
4:10,9:46,10:07,10:16
4:11,9:46,10:07,10:16
4:12,9:46,10:07,10:16
4:13,9:46,10:07,10:16
4:14,9:46,10:07,10:16
4:15,9:46,10:07,10:16
4:16,9:46,10:07,10:16
4:17,9:46,10:07,10:16
4:18,9:46,10:07,10:16
4:19,9:46,10:07,10:16
4:20,9:46,10:07,10:16
4:21,9:46,10:07,10:16
4:22,9:46,10:07,10:16
4:23,9:46,10:07,10:16
4:24,9:46,10:07,10:16
4:25,9:46,10:07,10:16
4:26,9:46,10:07,10:16
4:27,9:46,10:07,10:16
4:28,9:46,10:07,10:16
4:29,9:46,10:07,10:16
4:30,9:46,10:07,10:16
4:31,9:46,10:07,10:16
4:32,9:46,10:07,10:16
4:33,9:46,10:07,10:16
4:34,9:46,10:07,10:16
4:35,9:46,10:07,10:16
4:36,9:46,10:07,10:16
4:37,9:46,10:07,10:16
4:38,9:46,10:07,10:16
4:39,9:46,10:07,10:16
4:40,9:46,10:07,10:16
4:41,9:46,10:07,10:16
4:42,9:46,10:07,10:16
4:43,9:46,10:07,10:16
4:44,9:46,10:07,10:16
4:45,9:46,10:07,10:16
4:46,9:46,10:07,10:16
4:47,9:46,10:07,10:16
4:48,9:46,10:07,10:16
4:49,9:46,10:07,10:16
4:50,9:46,10:07,10:16
4:51,9:46,10:07,10:16
4:52,9:46,10:07,10:16
4:53,9:46,10:07,10:16
4:54,9:46,10:07,10:16
4:55,9:46,10:07,10:16
4:56,9:46,10:07,10:16
4:57,9:46,10:07,10:16
4:58,9:46,10:07,10:16
4:59,9:46,10:07,10:16
5:00,9:46,10:07,10:16
5:01,9:46,10:07,10:16
5:02,9:46,10:07,10:16
5:03,9:46,10:07,10:16
5:04,9:46,10:07,10:16
5:05,9:46,10:07,10:16
5:06,9:46,10:07,10:16
5:07,9:46,10:07,10:16
5:08,9:46,10:07,10:16
5:09,9:46,10:07,10:16
5:10,9:46,10:07,10:16
5:11,9:46,10:07,10:16
5:12,9:46,10:07,10:16
5:13,9:46,10:07,10:16
5:14,9:46,10:07,10:16
5:15,9:46,10:07,10:16
5:16,9:46,10:07,10:16
5:17,9:46,10:07,10:16
5:18,9:46,10:07,10:16
5:19,9:46,10:07,10:16
5:20,9:46,10:07,10:16
5:21,9:46,10:07,10:16
5:22,9:46,10:07,10:16
5:23,9:46,10:07,10:16
5:24,9:46,10:07,10:16
5:25,9:46,10:07,10:16
5:26,9:46,10:07,10:16
5:27,9:46,10:07,10:16
5:28,9:46,10:07,10:16
5:29,9:46,10:07,10:16
5:30,9:46,10:07,10:16
5:31,9:46,10:07,10:16
5:32,9:46,10:07,10:16
5:33,9:46,10:07,10:16
5:34,9:46,10:07,10:16
5:35,9:46,10:07,10:16
5:36,9:46,10:07,10:16
5:37,9:46,10:07,10:16
5:38,9:46,10:07,10:16
5:39,9:46,10:07,10:16
5:40,9:46,10:07,10:16
5:41,9:46,10:07,10:16
5:42,9:46,10:07,10:16
5:43,9:46,10:07,10:16
5:44,9:46,10:07,10:16
5:45,9:46,10:07,10:16
5:46,9:46,10:07,10:16
5:47,9:46,10:07,10:16
5:48,9:46,10:07,10:16
5:49,9:46,10:07,10:16
5:50,9:46,10:07,10:16
5:51,9:46,10:07,10:16
5:52,9:46,10:07,10:16
5:53,9:46,10:07,10:16
5:54,9:46,10:07,10:16
5:55,9:46,10:07,10:16
5:56,9:46,10:07,10:16
5:57,9:46,10:07,10:16
5:58,9:46,10:07,10:16
5:59,9:46,10:07,10:16
6:00,9:46,10:07,10:16
6:01,9:46,10:07,10:16
6:02,9:46,10:07,10:16
6:03,9:46,10:07,10:16
6:04,9:46,10:07,10:16
6:05,9:46,10:07,10:16
6:06,9:46,10:07,10:16
6:07,9:46,10:07,10:16
6:08,9:46,10:07,10:16
6:09,9:46,10:07,10:16
6:10,9:46,10:07,10:16
6:11,9:46,10:07,10:16
6:12,9:46,10:07,10:16
6:13,9:46,10:07,10:16
6:14,9:46,10:07,10:16
6:15,9:46,10:07,10:16
6:16,9:46,10:07,10:16
6:17,9:46,10:07,10:16
6:18,9:46,10:07,10:16
6:19,9:46,10:07,10:16
6:20,9:46,10:07,10:16
6:21,9:46,10:07,10:16
6:22,9:46,10:07,10:16
6:23,9:46,10:07,10:16
6:24,9:46,10:07,10:16
6:25,9:46,10:07,10:16
6:26,9:46,10:07,10:16
6:27,9:46,10:07,10:16
6:28,9:46,10:07,10:16
6:29,9:46,10:07,10:16
6:30,9:46,10:07,10:16
6:31,9:46,10:07,10:16
6:32,9:46,10:07,10:16
6:33,9:46,10:07,10:16
6:34,9:46,10:07,10:16
6:35,9:46,10:07,10:16
6:36,9:46,10:07,10:16
6:37,9:46,10:07,10:16
6:38,9:46,10:07,10:16
6:39,9:46,10:07,10:16
6:40,9:46,10:07,10:16
6:41,9:46,10:07,10:16
6:42,9:46,10:07,10:16
6:43,9:46,10:07,10:16
6:44,9:46,10:07,10:16
6:45,9:46,10:07,10:16
6:46,9:46,10:07,10:16
6:47,9:46,10:07,10:16
6:48,9:46,10:07,10:16
6:49,9:46,10:07,10:16
6:50,9:46,10:07,10:16
6:51,9:46,10:07,10:16
6:52,9:46,10:07,10:16
6:53,9:46,10:07,10:16
6:54,9:46,10:07,10:16
6:55,9:46,10:07,10:16
6:56,9:46,10:07,10:16
6:57,9:46,10:07,10:16
6:58,9:46,10:07,10:16
6:59,9:46,10:07,10:16
7:00,9:46,10:07,10:16
7:01,9:46,10:07,10:16
7:02,9:46,10:07,10:16
7:03,9:46,10:07,10:16
7:04,9:46,10:07,10:16
7:05,9:46,10:07,10:16
7:06,9:46,10:07,10:16
7:07,9:46,10:07,10:16
7:08,9:46,10:07,10:16
7:09,9:46,10:07,10:16
7:10,9:46,10:07,10:16
7:11,9:46,10:07,10:16
7:12,9:46,10:07,10:16
7:13,9:46,10:07,10:16
7:14,9:46,10:07,10:16
7:15,9:46,10:07,10:16
7:16,9:46,10:07,10:16
7:17,9:46,10:07,10:16
7:18,9:46,10:07,10:16
7:19,9:46,10:07,10:16
7:20,9:46,10:07,10:16
7:21,9:46,10:07,10:16
7:22,9:46,10:07,10:16
7:23,9:46,10:07,10:16
7:24,9:46,10:07,10:16
7:25,9:46,10:07,10:16
7:26,9:46,10:07,10:16
7:27,9:46,10:07,10:16
7:28,9:46,10:07,10:16
7:29,9:46,10:07,10:16
7:30,9:46,10:07,10:16
7:31,9:46,10:07,10:16
7:32,9:46,10:07,10:16
7:33,9:46,10:07,10:16
7:34,9:46,10:07,10:16
7:35,9:46,10:07,10:16
7:36,9:46,10:07,10:16
7:37,9:46,10:07,10:16
7:38,9:46,10:07,10:16
7:39,9:46,10:07,10:16
7:40,9:46,10:07,10:16
7:41,9:46,10:07,10:16
7:42,9:46,10:07,10:16
7:43,9:46,10:07,10:16
7:44,9:46,10:07,10:16
7:45,9:46,10:07,10:16
7:46,9:46,10:07,10:16
7:47,9:46,10:07,10:16
7:48,9:46,10:07,10:16
7:49,9:46,10:07,10:16
7:50,9:46,10:07,10:16
7:51,9:46,10:07,10:16
7:52,9:46,10:07,10:16
7:53,9:46,10:07,10:16
7:54,9:46,10:07,10:16
7:55,9:46,10:07,10:16
7:56,9:46,10:07,10:16
7:57,9:46,10:07,10:16
7:58,9:46,10:07,10:16
7:59,9:46,10:07,10:16
8:00,9:46,10:07,10:16
8:01,9:46,10:07,10:16
8:02,9:46,10:07,10:16
8:03,9:46,10:07,10:16
8:04,9:46,10:07,10:16
8:05,9:46,10:07,10:16
8:06,9:46,10:07,10:16
8:07,9:46,10:07,10:16
8:08,9:46,10:07,10:16
8:09,9:46,10:07,10:16
8:10,9:46,10:07,10:16
8:11,9:46,10:07,10:16
8:12,9:46,10:07,10:16
8:13,9:46,10:07,10:16
8:14,9:46,10:07,10:16
8:15,9:46,10:07,10:16
8:16,9:46,10:07,10:16
8:17,9:46,10:07,10:16
8:18,9:46,10:07,10:16
8:19,9:46,10:07,10:16
8:20,9:46,10:07,10:16
8:21,9:46,10:07,10:16
8:22,9:46,10:07,10:16
8:23,9:46,10:07,10:16
8:24,9:46,10:07,10:16
8:25,9:46,10:07,10:16
8:26,9:46,10:07,10:16
8:27,9:46,10:07,10:16
8:28,9:46,10:07,10:16
8:29,9:46,10:07,10:16
8:30,9:46,10:07,10:16
8:31,9:46,10:07,10:16
8:32,9:46,10:07,10:16
8:33,9:46,10:07,10:16
8:34,9:46,10:07,10:16
8:35,9:46,10:07,10:16
8:36,9:46,10:07,10:16
8:37,9:46,10:07,10:16
8:38,9:46,10:07,10:16
8:39,9:46,10:07,10:16
8:40,9:46,10:07,10:16
8:41,9:46,10:07,10:16
8:42,9:46,10:07,10:16
8:43,9:46,10:07,10:16
8:44,9:46,10:07,10:16
8:45,9:46,10:07,10:16
8:46,9:46,10:07,10:16
8:47,9:46,10:07,10:16
8:48,9:46,10:07,10:16
8:49,9:46,10:07,10:16
8:50,9:46,10:07,10:16
8:51,9:46,10:07,10:16
8:52,9:46,10:07,10:16
8:53,9:46,10:07,10:16
8:54,9:46,10:07,10:16
8:55,9:46,10:07,10:16
8:56,9:46,10:07,10:16
8:57,9:46,10:07,10:16
8:58,9:46,10:07,10:16
8:59,9:46,10:07,10:16
9:00,9:46,10:07,10:16
9:01,9:46,10:07,10:16
9:02,9:46,10:07,10:16
9:03,9:46,10:07,10:16
9:04,9:46,10:07,10:16
9:05,9:46,10:07,10:16
9:06,9:46,10:07,10:16
9:07,9:46,10:07,10:16
9:08,9:46,10:07,10:16
9:09,9:46,10:07,10:16
9:10,9:46,10:07,10:16
9:11,9:46,10:07,10:16
9:12,9:46,10:07,10:16
9:13,9:46,10:07,10:16
9:14,9:46,10:07,10:16
9:15,9:46,10:07,10:16
9:16,9:46,10:07,10:16
9:17,9:46,10:07,10:16
9:18,9:46,10:07,10:16
9:19,9:46,10:07,10:16
9:20,9:46,10:07,10:16
9:21,9:46,10:07,10:16
9:22,9:46,10:07,10:16
9:23,9:46,10:07,10:16
9:24,9:46,10:07,10:16
9:25,9:46,10:07,10:16
9:26,9:46,10:07,10:16
9:27,9:46,10:07,10:16
9:28,9:46,10:07,10:16
9:29,9:46,10:07,10:16
9:30,9:46,10:07,10:16
9:31,9:46,10:07,10:16
9:32,9:46,10:07,10:16
9:33,9:46,10:07,10:16
9:34,9:46,10:07,10:16
9:35,9:46,10:07,10:16
9:36,9:46,10:07,10:16
9:37,9:46,10:07,10:16
9:38,9:46,10:07,10:16
9:39,9:46,10:07,10:16
9:40,9:46,10:07,10:16
9:41,9:46,10:07,10:16
9:42,9:46,10:07,10:16
9:43,9:46,10:07,10:16
9:44,9:46,10:07,10:16
9:45,9:46,10:07,10:16
9:46,9:46,10:07,10:16
9:47,10:07,10:16,10:30
9:48,10:07,10:16,10:30
9:49,10:07,10:16,10:30
9:50,10:07,10:16,10:30
9:51,10:07,10:16,10:30
9:52,10:07,10:16,10:30
9:53,10:07,10:16,10:30
9:54,10:07,10:16,10:30
9:55,10:07,10:16,10:30
9:56,10:07,10:16,10:30
9:57,10:07,10:16,10:30
9:58,10:07,10:16,10:30
9:59,10:07,10:16,10:30
10:00,10:07,10:16,10:30
10:01,10:07,10:16,10:30
10:02,10:07,10:16,10:30
10:03,10:07,10:16,10:30
10:04,10:07,10:16,10:30
10:05,10:07,10:16,10:30
10:06,10:07,10:16,10:30
10:07,10:07,10:16,10:30
10:08,10:16,10:30,10:46
10:09,10:16,10:30,10:46
10:10,10:16,10:30,10:46
10:11,10:16,10:30,10:46
10:12,10:16,10:30,10:46
10:13,10:16,10:30,10:46
10:14,10:16,10:30,10:46
10:15,10:16,10:30,10:46
10:16,10:16,10:30,10:46
10:17,10:30,10:46,11:01
10:18,10:30,10:46,11:01
10:19,10:30,10:46,11:01
10:20,10:30,10:46,11:01
10:21,10:30,10:46,11:01
10:22,10:30,10:46,11:01
10:23,10:30,10:46,11:01
10:24,10:30,10:46,11:01
10:25,10:30,10:46,11:01
10:26,10:30,10:46,11:01
10:27,10:30,10:46,11:01
10:28,10:30,10:46,11:01
10:29,10:30,10:46,11:01
10:30,10:30,10:46,11:01
10:31,10:46,11:01,11:16
10:32,10:46,11:01,11:16
10:33,10:46,11:01,11:16
10:34,10:46,11:01,11:16
10:35,10:46,11:01,11:16
10:36,10:46,11:01,11:16
10:37,10:46,11:01,11:16
10:38,10:46,11:01,11:16
10:39,10:46,11:01,11:16
10:40,10:46,11:01,11:16
10:41,10:46,11:01,11:16
10:42,10:46,11:01,11:16
10:43,10:46,11:01,11:16
10:44,10:46,11:01,11:16
10:45,10:46,11:01,11:16
10:46,10:46,11:01,11:16
10:47,11:01,11:16,11:22
10:48,11:01,11:16,11:22
10:49,11:01,11:16,11:22
10:50,11:01,11:16,11:22
10:51,11:01,11:16,11:22
10:52,11:01,11:16,11:22
10:53,11:01,11:16,11:22
10:54,11:01,11:16,11:22
10:55,11:01,11:16,11:22
10:56,11:01,11:16,11:22
10:57,11:01,11:16,11:22
10:58,11:01,11:16,11:22
10:59,11:01,11:16,11:22
11:00,11:01,11:16,11:22
11:01,11:01,11:16,11:22
11:02,11:16,11:22,11:31
11:03,11:16,11:22,11:31
11:04,11:16,11:22,11:31
11:05,11:16,11:22,11:31
11:06,11:16,11:22,11:31
11:07,11:16,11:22,11:31
11:08,11:16,11:22,11:31
11:09,11:16,11:22,11:31
11:10,11:16,11:22,11:31
11:11,11:16,11:22,11:31
11:12,11:16,11:22,11:31
11:13,11:16,11:22,11:31
11:14,11:16,11:22,11:31
11:15,11:16,11:22,11:31
11:16,11:16,11:22,11:31
11:17,11:22,11:31,11:46
11:18,11:22,11:31,11:46
11:19,11:22,11:31,11:46
11:20,11:22,11:31,11:46
11:21,11:22,11:31,11:46
11:22,11:22,11:31,11:46
11:23,11:31,11:46,12:01
11:24,11:31,11:46,12:01
11:25,11:31,11:46,12:01
11:26,11:31,11:46,12:01
11:27,11:31,11:46,12:01
11:28,11:31,11:46,12:01
11:29,11:31,11:46,12:01
11:30,11:31,11:46,12:01
11:31,11:31,11:46,12:01
11:32,11:46,12:01,12:16
11:33,11:46,12:01,12:16
11:34,11:46,12:01,12:16
11:35,11:46,12:01,12:16
11:36,11:46,12:01,12:16
11:37,11:46,12:01,12:16
11:38,11:46,12:01,12:16
11:39,11:46,12:01,12:16
11:40,11:46,12:01,12:16
11:41,11:46,12:01,12:16
11:42,11:46,12:01,12:16
11:43,11:46,12:01,12:16
11:44,11:46,12:01,12:16
11:45,11:46,12:01,12:16
11:46,11:46,12:01,12:16
11:47,12:01,12:16,12:31
11:48,12:01,12:16,12:31
11:49,12:01,12:16,12:31
11:50,12:01,12:16,12:31
11:51,12:01,12:16,12:31
11:52,12:01,12:16,12:31
11:53,12:01,12:16,12:31
11:54,12:01,12:16,12:31
11:55,12:01,12:16,12:31
11:56,12:01,12:16,12:31
11:57,12:01,12:16,12:31
11:58,12:01,12:16,12:31
11:59,12:01,12:16,12:31
12:00,12:01,12:16,12:31
12:01,12:01,12:16,12:31
12:02,12:16,12:31,12:45
12:03,12:16,12:31,12:45
12:04,12:16,12:31,12:45
12:05,12:16,12:31,12:45
12:06,12:16,12:31,12:45
12:07,12:16,12:31,12:45
12:08,12:16,12:31,12:45
12:09,12:16,12:31,12:45
12:10,12:16,12:31,12:45
12:11,12:16,12:31,12:45
12:12,12:16,12:31,12:45
12:13,12:16,12:31,12:45
12:14,12:16,12:31,12:45
12:15,12:16,12:31,12:45
12:16,12:16,12:31,12:45
12:17,12:31,12:45,12:47
12:18,12:31,12:45,12:47
12:19,12:31,12:45,12:47
12:20,12:31,12:45,12:47
12:21,12:31,12:45,12:47
12:22,12:31,12:45,12:47
12:23,12:31,12:45,12:47
12:24,12:31,12:45,12:47
12:25,12:31,12:45,12:47
12:26,12:31,12:45,12:47
12:27,12:31,12:45,12:47
12:28,12:31,12:45,12:47
12:29,12:31,12:45,12:47
12:30,12:31,12:45,12:47
12:31,12:31,12:45,12:47
12:32,12:45,12:47,12:52
12:33,12:45,12:47,12:52
12:34,12:45,12:47,12:52
12:35,12:45,12:47,12:52
12:36,12:45,12:47,12:52
12:37,12:45,12:47,12:52
12:38,12:45,12:47,12:52
12:39,12:45,12:47,12:52
12:40,12:45,12:47,12:52
12:41,12:45,12:47,12:52
12:42,12:45,12:47,12:52
12:43,12:45,12:47,12:52
12:44,12:45,12:47,12:52
12:45,12:45,12:47,12:52
12:46,12:47,12:52,13:00
12:47,12:47,12:52,13:00
12:48,12:52,13:00,13:03
12:49,12:52,13:00,13:03
12:50,12:52,13:00,13:03
12:51,12:52,13:00,13:03
12:52,12:52,13:00,13:03
12:53,13:00,13:03,13:07
12:54,13:00,13:03,13:07
12:55,13:00,13:03,13:07
12:56,13:00,13:03,13:07
12:57,13:00,13:03,13:07
12:58,13:00,13:03,13:07
12:59,13:00,13:03,13:07
13:00,13:00,13:03,13:07
13:01,13:03,13:07,13:10
13:02,13:03,13:07,13:10
13:03,13:03,13:07,13:10
13:04,13:07,13:10,13:17
13:05,13:07,13:10,13:17
13:06,13:07,13:10,13:17
13:07,13:07,13:10,13:17
13:08,13:10,13:17,13:22
13:09,13:10,13:17,13:22
13:10,13:10,13:17,13:22
13:11,13:17,13:22,13:31
13:12,13:17,13:22,13:31
13:13,13:17,13:22,13:31
13:14,13:17,13:22,13:31
13:15,13:17,13:22,13:31
13:16,13:17,13:22,13:31
13:17,13:17,13:22,13:31
13:18,13:22,13:31,13:46
13:19,13:22,13:31,13:46
13:20,13:22,13:31,13:46
13:21,13:22,13:31,13:46
13:22,13:22,13:31,13:46
13:23,13:31,13:46,14:01
13:24,13:31,13:46,14:01
13:25,13:31,13:46,14:01
13:26,13:31,13:46,14:01
13:27,13:31,13:46,14:01
13:28,13:31,13:46,14:01
13:29,13:31,13:46,14:01
13:30,13:31,13:46,14:01
13:31,13:31,13:46,14:01
13:32,13:46,14:01,14:16
13:33,13:46,14:01,14:16
13:34,13:46,14:01,14:16
13:35,13:46,14:01,14:16
13:36,13:46,14:01,14:16
13:37,13:46,14:01,14:16
13:38,13:46,14:01,14:16
13:39,13:46,14:01,14:16
13:40,13:46,14:01,14:16
13:41,13:46,14:01,14:16
13:42,13:46,14:01,14:16
13:43,13:46,14:01,14:16
13:44,13:46,14:01,14:16
13:45,13:46,14:01,14:16
13:46,13:46,14:01,14:16
13:47,14:01,14:16,14:31
13:48,14:01,14:16,14:31
13:49,14:01,14:16,14:31
13:50,14:01,14:16,14:31
13:51,14:01,14:16,14:31
13:52,14:01,14:16,14:31
13:53,14:01,14:16,14:31
13:54,14:01,14:16,14:31
13:55,14:01,14:16,14:31
13:56,14:01,14:16,14:31
13:57,14:01,14:16,14:31
13:58,14:01,14:16,14:31
13:59,14:01,14:16,14:31
14:00,14:01,14:16,14:31
14:01,14:01,14:16,14:31
14:02,14:16,14:31,14:46
14:03,14:16,14:31,14:46
14:04,14:16,14:31,14:46
14:05,14:16,14:31,14:46
14:06,14:16,14:31,14:46
14:07,14:16,14:31,14:46
14:08,14:16,14:31,14:46
14:09,14:16,14:31,14:46
14:10,14:16,14:31,14:46
14:11,14:16,14:31,14:46
14:12,14:16,14:31,14:46
14:13,14:16,14:31,14:46
14:14,14:16,14:31,14:46
14:15,14:16,14:31,14:46
14:16,14:16,14:31,14:46
14:17,14:31,14:46,14:52
14:18,14:31,14:46,14:52
14:19,14:31,14:46,14:52
14:20,14:31,14:46,14:52
14:21,14:31,14:46,14:52
14:22,14:31,14:46,14:52
14:23,14:31,14:46,14:52
14:24,14:31,14:46,14:52
14:25,14:31,14:46,14:52
14:26,14:31,14:46,14:52
14:27,14:31,14:46,14:52
14:28,14:31,14:46,14:52
14:29,14:31,14:46,14:52
14:30,14:31,14:46,14:52
14:31,14:31,14:46,14:52
14:32,14:46,14:52,15:03
14:33,14:46,14:52,15:03
14:34,14:46,14:52,15:03
14:35,14:46,14:52,15:03
14:36,14:46,14:52,15:03
14:37,14:46,14:52,15:03
14:38,14:46,14:52,15:03
14:39,14:46,14:52,15:03
14:40,14:46,14:52,15:03
14:41,14:46,14:52,15:03
14:42,14:46,14:52,15:03
14:43,14:46,14:52,15:03
14:44,14:46,14:52,15:03
14:45,14:46,14:52,15:03
14:46,14:46,14:52,15:03
14:47,14:52,15:03,15:10
14:48,14:52,15:03,15:10
14:49,14:52,15:03,15:10
14:50,14:52,15:03,15:10
14:51,14:52,15:03,15:10
14:52,14:52,15:03,15:10
14:53,15:03,15:10,15:15
14:54,15:03,15:10,15:15
14:55,15:03,15:10,15:15
14:56,15:03,15:10,15:15
14:57,15:03,15:10,15:15
14:58,15:03,15:10,15:15
14:59,15:03,15:10,15:15
15:00,15:03,15:10,15:15
15:01,15:03,15:10,15:15
15:02,15:03,15:10,15:15
15:03,15:03,15:10,15:15
15:04,15:10,15:15,15:21
15:05,15:10,15:15,15:21
15:06,15:10,15:15,15:21
15:07,15:10,15:15,15:21
15:08,15:10,15:15,15:21
15:09,15:10,15:15,15:21
15:10,15:10,15:15,15:21
15:11,15:15,15:21,15:25
15:12,15:15,15:21,15:25
15:13,15:15,15:21,15:25
15:14,15:15,15:21,15:25
15:15,15:15,15:21,15:25
15:16,15:21,15:25,15:30
15:17,15:21,15:25,15:30
15:18,15:21,15:25,15:30
15:19,15:21,15:25,15:30
15:20,15:21,15:25,15:30
15:21,15:21,15:25,15:30
15:22,15:25,15:30,15:34
15:23,15:25,15:30,15:34
15:24,15:25,15:30,15:34
15:25,15:25,15:30,15:34
15:26,15:30,15:34,15:40
15:27,15:30,15:34,15:40
15:28,15:30,15:34,15:40
15:29,15:30,15:34,15:40
15:30,15:30,15:34,15:40
15:31,15:34,15:40,15:45
15:32,15:34,15:40,15:45
15:33,15:34,15:40,15:45
15:34,15:34,15:40,15:45
15:35,15:40,15:45,15:52
15:36,15:40,15:45,15:52
15:37,15:40,15:45,15:52
15:38,15:40,15:45,15:52
15:39,15:40,15:45,15:52
15:40,15:40,15:45,15:52
15:41,15:45,15:52,16:01
15:42,15:45,15:52,16:01
15:43,15:45,15:52,16:01
15:44,15:45,15:52,16:01
15:45,15:45,15:52,16:01
15:46,15:52,16:01,16:14
15:47,15:52,16:01,16:14
15:48,15:52,16:01,16:14
15:49,15:52,16:01,16:14
15:50,15:52,16:01,16:14
15:51,15:52,16:01,16:14
15:52,15:52,16:01,16:14
15:53,16:01,16:14,16:26
15:54,16:01,16:14,16:26
15:55,16:01,16:14,16:26
15:56,16:01,16:14,16:26
15:57,16:01,16:14,16:26
15:58,16:01,16:14,16:26
15:59,16:01,16:14,16:26
16:00,16:01,16:14,16:26
16:01,16:01,16:14,16:26
16:02,16:14,16:26,16:40
16:03,16:14,16:26,16:40
16:04,16:14,16:26,16:40
16:05,16:14,16:26,16:40
16:06,16:14,16:26,16:40
16:07,16:14,16:26,16:40
16:08,16:14,16:26,16:40
16:09,16:14,16:26,16:40
16:10,16:14,16:26,16:40
16:11,16:14,16:26,16:40
16:12,16:14,16:26,16:40
16:13,16:14,16:26,16:40
16:14,16:14,16:26,16:40
16:15,16:26,16:40,16:44
16:16,16:26,16:40,16:44
16:17,16:26,16:40,16:44
16:18,16:26,16:40,16:44
16:19,16:26,16:40,16:44
16:20,16:26,16:40,16:44
16:21,16:26,16:40,16:44
16:22,16:26,16:40,16:44
16:23,16:26,16:40,16:44
16:24,16:26,16:40,16:44
16:25,16:26,16:40,16:44
16:26,16:26,16:40,16:44
16:27,16:40,16:44,16:49
16:28,16:40,16:44,16:49
16:29,16:40,16:44,16:49
16:30,16:40,16:44,16:49
16:31,16:40,16:44,16:49
16:32,16:40,16:44,16:49
16:33,16:40,16:44,16:49
16:34,16:40,16:44,16:49
16:35,16:40,16:44,16:49
16:36,16:40,16:44,16:49
16:37,16:40,16:44,16:49
16:38,16:40,16:44,16:49
16:39,16:40,16:44,16:49
16:40,16:40,16:44,16:49
16:41,16:44,16:49,16:56
16:42,16:44,16:49,16:56
16:43,16:44,16:49,16:56
16:44,16:44,16:49,16:56
16:45,16:49,16:56,17:05
16:46,16:49,16:56,17:05
16:47,16:49,16:56,17:05
16:48,16:49,16:56,17:05
16:49,16:49,16:56,17:05
16:50,16:56,17:05,17:10
16:51,16:56,17:05,17:10
16:52,16:56,17:05,17:10
16:53,16:56,17:05,17:10
16:54,16:56,17:05,17:10
16:55,16:56,17:05,17:10
16:56,16:56,17:05,17:10
16:57,17:05,17:10,17:16
16:58,17:05,17:10,17:16
16:59,17:05,17:10,17:16
17:00,17:05,17:10,17:16
17:01,17:05,17:10,17:16
17:02,17:05,17:10,17:16
17:03,17:05,17:10,17:16
17:04,17:05,17:10,17:16
17:05,17:05,17:10,17:16
17:06,17:10,17:16,17:20
17:07,17:10,17:16,17:20
17:08,17:10,17:16,17:20
17:09,17:10,17:16,17:20
17:10,17:10,17:16,17:20
17:11,17:16,17:20,17:25
17:12,17:16,17:20,17:25
17:13,17:16,17:20,17:25
17:14,17:16,17:20,17:25
17:15,17:16,17:20,17:25
17:16,17:16,17:20,17:25
17:17,17:20,17:25,17:30
17:18,17:20,17:25,17:30
17:19,17:20,17:25,17:30
17:20,17:20,17:25,17:30
17:21,17:25,17:30,17:35
17:22,17:25,17:30,17:35
17:23,17:25,17:30,17:35
17:24,17:25,17:30,17:35
17:25,17:25,17:30,17:35
17:26,17:30,17:35,17:40
17:27,17:30,17:35,17:40
17:28,17:30,17:35,17:40
17:29,17:30,17:35,17:40
17:30,17:30,17:35,17:40
17:31,17:35,17:40,17:54
17:32,17:35,17:40,17:54
17:33,17:35,17:40,17:54
17:34,17:35,17:40,17:54
17:35,17:35,17:40,17:54
17:36,17:40,17:54,18:07
17:37,17:40,17:54,18:07
17:38,17:40,17:54,18:07
17:39,17:40,17:54,18:07
17:40,17:40,17:54,18:07
17:41,17:54,18:07,18:15
17:42,17:54,18:07,18:15
17:43,17:54,18:07,18:15
17:44,17:54,18:07,18:15
17:45,17:54,18:07,18:15
17:46,17:54,18:07,18:15
17:47,17:54,18:07,18:15
17:48,17:54,18:07,18:15
17:49,17:54,18:07,18:15
17:50,17:54,18:07,18:15
17:51,17:54,18:07,18:15
17:52,17:54,18:07,18:15
17:53,17:54,18:07,18:15
17:54,17:54,18:07,18:15
17:55,18:07,18:15,18:20
17:56,18:07,18:15,18:20
17:57,18:07,18:15,18:20
17:58,18:07,18:15,18:20
17:59,18:07,18:15,18:20
18:00,18:07,18:15,18:20
18:01,18:07,18:15,18:20
18:02,18:07,18:15,18:20
18:03,18:07,18:15,18:20
18:04,18:07,18:15,18:20
18:05,18:07,18:15,18:20
18:06,18:07,18:15,18:20
18:07,18:07,18:15,18:20
18:08,18:15,18:20,18:27
18:09,18:15,18:20,18:27
18:10,18:15,18:20,18:27
18:11,18:15,18:20,18:27
18:12,18:15,18:20,18:27
18:13,18:15,18:20,18:27
18:14,18:15,18:20,18:27
18:15,18:15,18:20,18:27
18:16,18:20,18:27,18:37
18:17,18:20,18:27,18:37
18:18,18:20,18:27,18:37
18:19,18:20,18:27,18:37
18:20,18:20,18:27,18:37
18:21,18:27,18:37,18:50
18:22,18:27,18:37,18:50
18:23,18:27,18:37,18:50
18:24,18:27,18:37,18:50
18:25,18:27,18:37,18:50
18:26,18:27,18:37,18:50
18:27,18:27,18:37,18:50
18:28,18:37,18:50,18:56
18:29,18:37,18:50,18:56
18:30,18:37,18:50,18:56
18:31,18:37,18:50,18:56
18:32,18:37,18:50,18:56
18:33,18:37,18:50,18:56
18:34,18:37,18:50,18:56
18:35,18:37,18:50,18:56
18:36,18:37,18:50,18:56
18:37,18:37,18:50,18:56
18:38,18:50,18:56,19:00
18:39,18:50,18:56,19:00
18:40,18:50,18:56,19:00
18:41,18:50,18:56,19:00
18:42,18:50,18:56,19:00
18:43,18:50,18:56,19:00
18:44,18:50,18:56,19:00
18:45,18:50,18:56,19:00
18:46,18:50,18:56,19:00
18:47,18:50,18:56,19:00
18:48,18:50,18:56,19:00
18:49,18:50,18:56,19:00
18:50,18:50,18:56,19:00
18:51,18:56,19:00,19:05
18:52,18:56,19:00,19:05
18:53,18:56,19:00,19:05
18:54,18:56,19:00,19:05
18:55,18:56,19:00,19:05
18:56,18:56,19:00,19:05
18:57,19:00,19:05,19:10
18:58,19:00,19:05,19:10
18:59,19:00,19:05,19:10
19:00,19:00,19:05,19:10
19:01,19:05,19:10,19:15
19:02,19:05,19:10,19:15
19:03,19:05,19:10,19:15
19:04,19:05,19:10,19:15
19:05,19:05,19:10,19:15
19:06,19:10,19:15,19:25
19:07,19:10,19:15,19:25
19:08,19:10,19:15,19:25
19:09,19:10,19:15,19:25
19:10,19:10,19:15,19:25
19:11,19:15,19:25,19:34
19:12,19:15,19:25,19:34
19:13,19:15,19:25,19:34
19:14,19:15,19:25,19:34
19:15,19:15,19:25,19:34
19:16,19:25,19:34,19:45
19:17,19:25,19:34,19:45
19:18,19:25,19:34,19:45
19:19,19:25,19:34,19:45
19:20,19:25,19:34,19:45
19:21,19:25,19:34,19:45
19:22,19:25,19:34,19:45
19:23,19:25,19:34,19:45
19:24,19:25,19:34,19:45
19:25,19:25,19:34,19:45
19:26,19:34,19:45,19:55
19:27,19:34,19:45,19:55
19:28,19:34,19:45,19:55
19:29,19:34,19:45,19:55
19:30,19:34,19:45,19:55
19:31,19:34,19:45,19:55
19:32,19:34,19:45,19:55
19:33,19:34,19:45,19:55
19:34,19:34,19:45,19:55
19:35,19:45,19:55,20:05
19:36,19:45,19:55,20:05
19:37,19:45,19:55,20:05
19:38,19:45,19:55,20:05
19:39,19:45,19:55,20:05
19:40,19:45,19:55,20:05
19:41,19:45,19:55,20:05
19:42,19:45,19:55,20:05
19:43,19:45,19:55,20:05
19:44,19:45,19:55,20:05
19:45,19:45,19:55,20:05
19:46,19:55,20:05,20:15
19:47,19:55,20:05,20:15
19:48,19:55,20:05,20:15
19:49,19:55,20:05,20:15
19:50,19:55,20:05,20:15
19:51,19:55,20:05,20:15
19:52,19:55,20:05,20:15
19:53,19:55,20:05,20:15
19:54,19:55,20:05,20:15
19:55,19:55,20:05,20:15
19:56,20:05,20:15,20:25
19:57,20:05,20:15,20:25
19:58,20:05,20:15,20:25
19:59,20:05,20:15,20:25
20:00,20:05,20:15,20:25
20:01,20:05,20:15,20:25
20:02,20:05,20:15,20:25
20:03,20:05,20:15,20:25
20:04,20:05,20:15,20:25
20:05,20:05,20:15,20:25
20:06,20:15,20:25,20:40
20:07,20:15,20:25,20:40
20:08,20:15,20:25,20:40
20:09,20:15,20:25,20:40
20:10,20:15,20:25,20:40
20:11,20:15,20:25,20:40
20:12,20:15,20:25,20:40
20:13,20:15,20:25,20:40
20:14,20:15,20:25,20:40
20:15,20:15,20:25,20:40
20:16,20:25,20:40,20:55
20:17,20:25,20:40,20:55
20:18,20:25,20:40,20:55
20:19,20:25,20:40,20:55
20:20,20:25,20:40,20:55
20:21,20:25,20:40,20:55
20:22,20:25,20:40,20:55
20:23,20:25,20:40,20:55
20:24,20:25,20:40,20:55
20:25,20:25,20:40,20:55
20:26,20:40,20:55,21:08
20:27,20:40,20:55,21:08
20:28,20:40,20:55,21:08
20:29,20:40,20:55,21:08
20:30,20:40,20:55,21:08
20:31,20:40,20:55,21:08
20:32,20:40,20:55,21:08
20:33,20:40,20:55,21:08
20:34,20:40,20:55,21:08
20:35,20:40,20:55,21:08
20:36,20:40,20:55,21:08
20:37,20:40,20:55,21:08
20:38,20:40,20:55,21:08
20:39,20:40,20:55,21:08
20:40,20:40,20:55,21:08
20:41,20:55,21:08,21:37
20:42,20:55,21:08,21:37
20:43,20:55,21:08,21:37
20:44,20:55,21:08,21:37
20:45,20:55,21:08,21:37
20:46,20:55,21:08,21:37
20:47,20:55,21:08,21:37
20:48,20:55,21:08,21:37
20:49,20:55,21:08,21:37
20:50,20:55,21:08,21:37
20:51,20:55,21:08,21:37
20:52,20:55,21:08,21:37
20:53,20:55,21:08,21:37
20:54,20:55,21:08,21:37
20:55,20:55,21:08,21:37
20:56,21:08,21:37,これ以降の運行時刻はありません。
20:57,21:08,21:37,これ以降の運行時刻はありません。
20:58,21:08,21:37,これ以降の運行時刻はありません。
20:59,21:08,21:37,これ以降の運行時刻はありません。
21:00,21:08,21:37,これ以降の運行時刻はありません。
21:01,21:08,21:37,これ以降の運行時刻はありません。
21:02,21:08,21:37,これ以降の運行時刻はありません。
21:03,21:08,21:37,これ以降の運行時刻はありません。
21:04,21:08,21:37,これ以降の運行時刻はありません。
21:05,21:08,21:37,これ以降の運行時刻はありません。
21:06,21:08,21:37,これ以降の運行時刻はありません。
21:07,21:08,21:37,これ以降の運行時刻はありません。
21:08,21:08,21:37,これ以降の運行時刻はありません。
21:09,21:37,これ以降の運行時刻はありません。,
21:10,21:37,これ以降の運行時刻はありません。,
21:11,21:37,これ以降の運行時刻はありません。,
21:12,21:37,これ以降の運行時刻はありません。,
21:13,21:37,これ以降の運行時刻はありません。,
21:14,21:37,これ以降の運行時刻はありません。,
21:15,21:37,これ以降の運行時刻はありません。,
21:16,21:37,これ以降の運行時刻はありません。,
21:17,21:37,これ以降の運行時刻はありません。,
21:18,21:37,これ以降の運行時刻はありません。,
21:19,21:37,これ以降の運行時刻はありません。,
21:20,21:37,これ以降の運行時刻はありません。,
21:21,21:37,これ以降の運行時刻はありません。,
21:22,21:37,これ以降の運行時刻はありません。,
21:23,21:37,これ以降の運行時刻はありません。,
21:24,21:37,これ以降の運行時刻はありません。,
21:25,21:37,これ以降の運行時刻はありません。,
21:26,21:37,これ以降の運行時刻はありません。,
21:27,21:37,これ以降の運行時刻はありません。,
21:28,21:37,これ以降の運行時刻はありません。,
21:29,21:37,これ以降の運行時刻はありません。,
21:30,21:37,これ以降の運行時刻はありません。,
21:31,21:37,これ以降の運行時刻はありません。,
21:32,21:37,これ以降の運行時刻はありません。,
21:33,21:37,これ以降の運行時刻はありません。,
21:34,21:37,これ以降の運行時刻はありません。,
21:35,21:37,これ以降の運行時刻はありません。,
21:36,21:37,これ以降の運行時刻はありません。,
21:37,21:37,これ以降の運行時刻はありません。,
21:38,本日の運行は終了しました。,　　,
21:39,本日の運行は終了しました。,　　,
21:40,本日の運行は終了しました。,　　,
21:41,本日の運行は終了しました。,　　,
21:42,本日の運行は終了しました。,　　,
21:43,本日の運行は終了しました。,　　,
21:44,本日の運行は終了しました。,　　,
21:45,本日の運行は終了しました。,　　,
21:46,本日の運行は終了しました。,　　,
21:47,本日の運行は終了しました。,　　,
21:48,本日の運行は終了しました。,　　,
21:49,本日の運行は終了しました。,　　,
21:50,本日の運行は終了しました。,　　,
21:51,本日の運行は終了しました。,　　,
21:52,本日の運行は終了しました。,　　,
21:53,本日の運行は終了しました。,　　,
21:54,本日の運行は終了しました。,　　,
21:55,本日の運行は終了しました。,　　,
21:56,本日の運行は終了しました。,　　,
21:57,本日の運行は終了しました。,　　,
21:58,本日の運行は終了しました。,　　,
21:59,本日の運行は終了しました。,　　,
22:00,本日の運行は終了しました。,　　,
22:01,本日の運行は終了しました。,　　,
22:02,本日の運行は終了しました。,　　,
22:03,本日の運行は終了しました。,　　,
22:04,本日の運行は終了しました。,　　,
22:05,本日の運行は終了しました。,　　,
22:06,本日の運行は終了しました。,　　,
22:07,本日の運行は終了しました。,　　,
22:08,本日の運行は終了しました。,　　,
22:09,本日の運行は終了しました。,　　,
22:10,本日の運行は終了しました。,　　,
22:11,本日の運行は終了しました。,　　,
22:12,本日の運行は終了しました。,　　,
22:13,本日の運行は終了しました。,　　,
22:14,本日の運行は終了しました。,　　,
22:15,本日の運行は終了しました。,　　,
22:16,本日の運行は終了しました。,　　,
22:17,本日の運行は終了しました。,　　,
22:18,本日の運行は終了しました。,　　,
22:19,本日の運行は終了しました。,　　,
22:20,本日の運行は終了しました。,　　,
22:21,本日の運行は終了しました。,　　,
22:22,本日の運行は終了しました。,　　,
22:23,本日の運行は終了しました。,　　,
22:24,本日の運行は終了しました。,　　,
22:25,本日の運行は終了しました。,　　,
22:26,本日の運行は終了しました。,　　,
22:27,本日の運行は終了しました。,　　,
22:28,本日の運行は終了しました。,　　,
22:29,本日の運行は終了しました。,　　,
22:30,本日の運行は終了しました。,　　,
22:31,本日の運行は終了しました。,　　,
22:32,本日の運行は終了しました。,　　,
22:33,本日の運行は終了しました。,　　,
22:34,本日の運行は終了しました。,　　,
22:35,本日の運行は終了しました。,　　,
22:36,本日の運行は終了しました。,　　,
22:37,本日の運行は終了しました。,　　,
22:38,本日の運行は終了しました。,　　,
22:39,本日の運行は終了しました。,　　,
22:40,本日の運行は終了しました。,　　,
22:41,本日の運行は終了しました。,　　,
22:42,本日の運行は終了しました。,　　,
22:43,本日の運行は終了しました。,　　,
22:44,本日の運行は終了しました。,　　,
22:45,本日の運行は終了しました。,　　,
22:46,本日の運行は終了しました。,　　,
22:47,本日の運行は終了しました。,　　,
22:48,本日の運行は終了しました。,　　,
22:49,本日の運行は終了しました。,　　,
22:50,本日の運行は終了しました。,　　,
22:51,本日の運行は終了しました。,　　,
22:52,本日の運行は終了しました。,　　,
22:53,本日の運行は終了しました。,　　,
22:54,本日の運行は終了しました。,　　,
22:55,本日の運行は終了しました。,　　,
22:56,本日の運行は終了しました。,　　,
22:57,本日の運行は終了しました。,　　,
22:58,本日の運行は終了しました。,　　,
22:59,本日の運行は終了しました。,　　,
23:00,本日の運行は終了しました。,　　,
23:01,本日の運行は終了しました。,　　,
23:02,本日の運行は終了しました。,　　,
23:03,本日の運行は終了しました。,　　,
23:04,本日の運行は終了しました。,　　,
23:05,本日の運行は終了しました。,　　,
23:06,本日の運行は終了しました。,　　,
23:07,本日の運行は終了しました。,　　,
23:08,本日の運行は終了しました。,　　,
23:09,本日の運行は終了しました。,　　,
23:10,本日の運行は終了しました。,　　,
23:11,本日の運行は終了しました。,　　,
23:12,本日の運行は終了しました。,　　,
23:13,本日の運行は終了しました。,　　,
23:14,本日の運行は終了しました。,　　,
23:15,本日の運行は終了しました。,　　,
23:16,本日の運行は終了しました。,　　,
23:17,本日の運行は終了しました。,　　,
23:18,本日の運行は終了しました。,　　,
23:19,本日の運行は終了しました。,　　,
23:20,本日の運行は終了しました。,　　,
23:21,本日の運行は終了しました。,　　,
23:22,本日の運行は終了しました。,　　,
23:23,本日の運行は終了しました。,　　,
23:24,本日の運行は終了しました。,　　,
23:25,本日の運行は終了しました。,　　,
23:26,本日の運行は終了しました。,　　,
23:27,本日の運行は終了しました。,　　,
23:28,本日の運行は終了しました。,　　,
23:29,本日の運行は終了しました。,　　,
23:30,本日の運行は終了しました。,　　,
23:31,本日の運行は終了しました。,　　,
23:32,本日の運行は終了しました。,　　,
23:33,本日の運行は終了しました。,　　,
23:34,本日の運行は終了しました。,　　,
23:35,本日の運行は終了しました。,　　,
23:36,本日の運行は終了しました。,　　,
23:37,本日の運行は終了しました。,　　,
23:38,本日の運行は終了しました。,　　,
23:39,本日の運行は終了しました。,　　,
23:40,本日の運行は終了しました。,　　,
23:41,本日の運行は終了しました。,　　,
23:42,本日の運行は終了しました。,　　,
23:43,本日の運行は終了しました。,　　,
23:44,本日の運行は終了しました。,　　,
23:45,本日の運行は終了しました。,　　,
23:46,本日の運行は終了しました。,　　,
23:47,本日の運行は終了しました。,　　,
23:48,本日の運行は終了しました。,　　,
23:49,本日の運行は終了しました。,　　,
23:50,本日の運行は終了しました。,　　,
23:51,本日の運行は終了しました。,　　,
23:52,本日の運行は終了しました。,　　,
23:53,本日の運行は終了しました。,　　,
23:54,本日の運行は終了しました。,　　,
23:55,本日の運行は終了しました。,　　,
23:56,本日の運行は終了しました。,　　,
23:57,本日の運行は終了しました。,　　,
23:58,本日の運行は終了しました。,　　,
23:59,本日の運行は終了しました。,　　,
