8:00,8:20,8:25,8:28
8:01,8:20,8:25,8:28
8:02,8:20,8:25,8:28
8:03,8:20,8:25,8:28
8:04,8:20,8:25,8:28
8:05,8:20,8:25,8:28
8:06,8:20,8:25,8:28
8:07,8:20,8:25,8:28
8:08,8:20,8:25,8:28
8:09,8:20,8:25,8:28
8:10,8:20,8:25,8:28
8:11,8:20,8:25,8:28
8:12,8:20,8:25,8:28
8:13,8:20,8:25,8:28
8:14,8:20,8:25,8:28
8:15,8:20,8:25,8:28
8:16,8:20,8:25,8:28
8:17,8:20,8:25,8:28
8:18,8:20,8:25,8:28
8:19,8:20,8:25,8:28
8:20,8:25,8:28,8:30
8:21,8:25,8:28,8:30
8:22,8:25,8:28,8:30
8:23,8:25,8:28,8:30
8:24,8:25,8:28,8:30
8:25,8:28,8:30,8:35
8:26,8:28,8:30,8:35
8:27,8:28,8:30,8:35
8:28,8:30,8:35,8:41
8:29,8:30,8:35,8:41
8:30,8:35,8:41,8:42
8:31,8:35,8:41,8:42
8:32,8:35,8:41,8:42
8:33,8:35,8:41,8:42
8:34,8:35,8:41,8:42
8:35,8:41,8:42,8:45
8:36,8:41,8:42,8:45
8:37,8:41,8:42,8:45
8:38,8:41,8:42,8:45
8:39,8:41,8:42,8:45
8:40,8:41,8:42,8:45
8:41,8:42,8:45,8:49
8:42,8:45,8:49,8:50
8:43,8:45,8:49,8:50
8:44,8:45,8:49,8:50
8:45,8:49,8:50,8:55
8:46,8:49,8:50,8:55
8:47,8:49,8:50,8:55
8:48,8:49,8:50,8:55
8:49,8:50,8:55,9:01
8:50,8:55,9:01,9:05
8:51,8:55,9:01,9:05
8:52,8:55,9:01,9:05
8:53,8:55,9:01,9:05
8:54,8:55,9:01,9:05
8:55,9:01,9:05,9:07
8:56,9:01,9:05,9:07
8:57,9:01,9:05,9:07
8:58,9:01,9:05,9:07
8:59,9:01,9:05,9:07
9:00,9:01,9:05,9:07
9:01,9:05,9:07,9:09
9:02,9:05,9:07,9:09
9:03,9:05,9:07,9:09
9:04,9:05,9:07,9:09
9:05,9:07,9:09,9:10
9:06,9:07,9:09,9:10
9:07,9:09,9:10,9:11
9:08,9:09,9:10,9:11
9:09,9:10,9:11,9:15
9:10,9:11,9:15,9:26
9:11,9:15,9:26,9:33
9:12,9:15,9:26,9:33
9:13,9:15,9:26,9:33
9:14,9:15,9:26,9:33
9:15,9:26,9:33,9:41
9:16,9:26,9:33,9:41
9:17,9:26,9:33,9:41
9:18,9:26,9:33,9:41
9:19,9:26,9:33,9:41
9:20,9:26,9:33,9:41
9:21,9:26,9:33,9:41
9:22,9:26,9:33,9:41
9:23,9:26,9:33,9:41
9:24,9:26,9:33,9:41
9:25,9:26,9:33,9:41
9:26,9:33,9:41,9:50
9:27,9:33,9:41,9:50
9:28,9:33,9:41,9:50
9:29,9:33,9:41,9:50
9:30,9:33,9:41,9:50
9:31,9:33,9:41,9:50
9:32,9:33,9:41,9:50
9:33,9:41,9:50,9:56
9:34,9:41,9:50,9:56
9:35,9:41,9:50,9:56
9:36,9:41,9:50,9:56
9:37,9:41,9:50,9:56
9:38,9:41,9:50,9:56
9:39,9:41,9:50,9:56
9:40,9:41,9:50,9:56
9:41,9:50,9:56,10:04
9:42,9:50,9:56,10:04
9:43,9:50,9:56,10:04
9:44,9:50,9:56,10:04
9:45,9:50,9:56,10:04
9:46,9:50,9:56,10:04
9:47,9:50,9:56,10:04
9:48,9:50,9:56,10:04
9:49,9:50,9:56,10:04
9:50,9:56,10:04,10:10
9:51,9:56,10:04,10:10
9:52,9:56,10:04,10:10
9:53,9:56,10:04,10:10
9:54,9:56,10:04,10:10
9:55,9:56,10:04,10:10
9:56,10:04,10:10,10:20
9:57,10:04,10:10,10:20
9:58,10:04,10:10,10:20
9:59,10:04,10:10,10:20
10:00,10:04,10:10,10:20
10:01,10:04,10:10,10:20
10:02,10:04,10:10,10:20
10:03,10:04,10:10,10:20
10:04,10:10,10:20,10:26
10:05,10:10,10:20,10:26
10:06,10:10,10:20,10:26
10:07,10:10,10:20,10:26
10:08,10:10,10:20,10:26
10:09,10:10,10:20,10:26
10:10,10:20,10:26,10:29
10:11,10:20,10:26,10:29
10:12,10:20,10:26,10:29
10:13,10:20,10:26,10:29
10:14,10:20,10:26,10:29
10:15,10:20,10:26,10:29
10:16,10:20,10:26,10:29
10:17,10:20,10:26,10:29
10:18,10:20,10:26,10:29
10:19,10:20,10:26,10:29
10:20,10:26,10:29,10:36
10:21,10:26,10:29,10:36
10:22,10:26,10:29,10:36
10:23,10:26,10:29,10:36
10:24,10:26,10:29,10:36
10:25,10:26,10:29,10:36
10:26,10:29,10:36,10:40
10:27,10:29,10:36,10:40
10:28,10:29,10:36,10:40
10:29,10:36,10:40,10:42
10:30,10:36,10:40,10:42
10:31,10:36,10:40,10:42
10:32,10:36,10:40,10:42
10:33,10:36,10:40,10:42
10:34,10:36,10:40,10:42
10:35,10:36,10:40,10:42
10:36,10:40,10:42,10:43
10:37,10:40,10:42,10:43
10:38,10:40,10:42,10:43
10:39,10:40,10:42,10:43
10:40,10:42,10:43,10:45
10:41,10:42,10:43,10:45
10:42,10:43,10:45,10:52
10:43,10:45,10:52,10:53
10:44,10:45,10:52,10:53
10:45,10:52,10:53,10:56
10:46,10:52,10:53,10:56
10:47,10:52,10:53,10:56
10:48,10:52,10:53,10:56
10:49,10:52,10:53,10:56
10:50,10:52,10:53,10:56
10:51,10:52,10:53,10:56
10:52,10:53,10:56,11:02
10:53,10:56,11:02,11:05
10:54,10:56,11:02,11:05
10:55,10:56,11:02,11:05
10:56,11:02,11:05,11:06
10:57,11:02,11:05,11:06
10:58,11:02,11:05,11:06
10:59,11:02,11:05,11:06
11:00,11:02,11:05,11:06
11:01,11:02,11:05,11:06
11:02,11:05,11:06,11:16
11:03,11:05,11:06,11:16
11:04,11:05,11:06,11:16
11:05,11:06,11:16,11:27
11:06,11:16,11:27,11:40
11:07,11:16,11:27,11:40
11:08,11:16,11:27,11:40
11:09,11:16,11:27,11:40
11:10,11:16,11:27,11:40
11:11,11:16,11:27,11:40
11:12,11:16,11:27,11:40
11:13,11:16,11:27,11:40
11:14,11:16,11:27,11:40
11:15,11:16,11:27,11:40
11:16,11:27,11:40,11:53
11:17,11:27,11:40,11:53
11:18,11:27,11:40,11:53
11:19,11:27,11:40,11:53
11:20,11:27,11:40,11:53
11:21,11:27,11:40,11:53
11:22,11:27,11:40,11:53
11:23,11:27,11:40,11:53
11:24,11:27,11:40,11:53
11:25,11:27,11:40,11:53
11:26,11:27,11:40,11:53
11:27,11:40,11:53,12:05
11:28,11:40,11:53,12:05
11:29,11:40,11:53,12:05
11:30,11:40,11:53,12:05
11:31,11:40,11:53,12:05
11:32,11:40,11:53,12:05
11:33,11:40,11:53,12:05
11:34,11:40,11:53,12:05
11:35,11:40,11:53,12:05
11:36,11:40,11:53,12:05
11:37,11:40,11:53,12:05
11:38,11:40,11:53,12:05
11:39,11:40,11:53,12:05
11:40,11:53,12:05,12:21
11:41,11:53,12:05,12:21
11:42,11:53,12:05,12:21
11:43,11:53,12:05,12:21
11:44,11:53,12:05,12:21
11:45,11:53,12:05,12:21
11:46,11:53,12:05,12:21
11:47,11:53,12:05,12:21
11:48,11:53,12:05,12:21
11:49,11:53,12:05,12:21
11:50,11:53,12:05,12:21
11:51,11:53,12:05,12:21
11:52,11:53,12:05,12:21
11:53,12:05,12:21,12:35
11:54,12:05,12:21,12:35
11:55,12:05,12:21,12:35
11:56,12:05,12:21,12:35
11:57,12:05,12:21,12:35
11:58,12:05,12:21,12:35
11:59,12:05,12:21,12:35
12:00,12:05,12:21,12:35
12:01,12:05,12:21,12:35
12:02,12:05,12:21,12:35
12:03,12:05,12:21,12:35
12:04,12:05,12:21,12:35
12:05,12:21,12:35,12:51
12:06,12:21,12:35,12:51
12:07,12:21,12:35,12:51
12:08,12:21,12:35,12:51
12:09,12:21,12:35,12:51
12:10,12:21,12:35,12:51
12:11,12:21,12:35,12:51
12:12,12:21,12:35,12:51
12:13,12:21,12:35,12:51
12:14,12:21,12:35,12:51
12:15,12:21,12:35,12:51
12:16,12:21,12:35,12:51
12:17,12:21,12:35,12:51
12:18,12:21,12:35,12:51
12:19,12:21,12:35,12:51
12:20,12:21,12:35,12:51
12:21,12:35,12:51,12:55
12:22,12:35,12:51,12:55
12:23,12:35,12:51,12:55
12:24,12:35,12:51,12:55
12:25,12:35,12:51,12:55
12:26,12:35,12:51,12:55
12:27,12:35,12:51,12:55
12:28,12:35,12:51,12:55
12:29,12:35,12:51,12:55
12:30,12:35,12:51,12:55
12:31,12:35,12:51,12:55
12:32,12:35,12:51,12:55
12:33,12:35,12:51,12:55
12:34,12:35,12:51,12:55
12:35,12:51,12:55,12:59
12:36,12:51,12:55,12:59
12:37,12:51,12:55,12:59
12:38,12:51,12:55,12:59
12:39,12:51,12:55,12:59
12:40,12:51,12:55,12:59
12:41,12:51,12:55,12:59
12:42,12:51,12:55,12:59
12:43,12:51,12:55,12:59
12:44,12:51,12:55,12:59
12:45,12:51,12:55,12:59
12:46,12:51,12:55,12:59
12:47,12:51,12:55,12:59
12:48,12:51,12:55,12:59
12:49,12:51,12:55,12:59
12:50,12:51,12:55,12:59
12:51,12:55,12:59,13:05
12:52,12:55,12:59,13:05
12:53,12:55,12:59,13:05
12:54,12:55,12:59,13:05
12:55,12:59,13:05,13:10
12:56,12:59,13:05,13:10
12:57,12:59,13:05,13:10
12:58,12:59,13:05,13:10
12:59,13:05,13:10,13:15
13:00,13:05,13:10,13:15
13:01,13:05,13:10,13:15
13:02,13:05,13:10,13:15
13:03,13:05,13:10,13:15
13:04,13:05,13:10,13:15
13:05,13:10,13:15,13:20
13:06,13:10,13:15,13:20
13:07,13:10,13:15,13:20
13:08,13:10,13:15,13:20
13:09,13:10,13:15,13:20
13:10,13:15,13:20,13:25
13:11,13:15,13:20,13:25
13:12,13:15,13:20,13:25
13:13,13:15,13:20,13:25
13:14,13:15,13:20,13:25
13:15,13:20,13:25,13:29
13:16,13:20,13:25,13:29
13:17,13:20,13:25,13:29
13:18,13:20,13:25,13:29
13:19,13:20,13:25,13:29
13:20,13:25,13:29,13:35
13:21,13:25,13:29,13:35
13:22,13:25,13:29,13:35
13:23,13:25,13:29,13:35
13:24,13:25,13:29,13:35
13:25,13:29,13:35,13:51
13:26,13:29,13:35,13:51
13:27,13:29,13:35,13:51
13:28,13:29,13:35,13:51
13:29,13:35,13:51,14:05
13:30,13:35,13:51,14:05
13:31,13:35,13:51,14:05
13:32,13:35,13:51,14:05
13:33,13:35,13:51,14:05
13:34,13:35,13:51,14:05
13:35,13:51,14:05,14:21
13:36,13:51,14:05,14:21
13:37,13:51,14:05,14:21
13:38,13:51,14:05,14:21
13:39,13:51,14:05,14:21
13:40,13:51,14:05,14:21
13:41,13:51,14:05,14:21
13:42,13:51,14:05,14:21
13:43,13:51,14:05,14:21
13:44,13:51,14:05,14:21
13:45,13:51,14:05,14:21
13:46,13:51,14:05,14:21
13:47,13:51,14:05,14:21
13:48,13:51,14:05,14:21
13:49,13:51,14:05,14:21
13:50,13:51,14:05,14:21
13:51,14:05,14:21,14:35
13:52,14:05,14:21,14:35
13:53,14:05,14:21,14:35
13:54,14:05,14:21,14:35
13:55,14:05,14:21,14:35
13:56,14:05,14:21,14:35
13:57,14:05,14:21,14:35
13:58,14:05,14:21,14:35
13:59,14:05,14:21,14:35
14:00,14:05,14:21,14:35
14:01,14:05,14:21,14:35
14:02,14:05,14:21,14:35
14:03,14:05,14:21,14:35
14:04,14:05,14:21,14:35
14:05,14:21,14:35,14:51
14:06,14:21,14:35,14:51
14:07,14:21,14:35,14:51
14:08,14:21,14:35,14:51
14:09,14:21,14:35,14:51
14:10,14:21,14:35,14:51
14:11,14:21,14:35,14:51
14:12,14:21,14:35,14:51
14:13,14:21,14:35,14:51
14:14,14:21,14:35,14:51
14:15,14:21,14:35,14:51
14:16,14:21,14:35,14:51
14:17,14:21,14:35,14:51
14:18,14:21,14:35,14:51
14:19,14:21,14:35,14:51
14:20,14:21,14:35,14:51
14:21,14:35,14:51,14:59
14:22,14:35,14:51,14:59
14:23,14:35,14:51,14:59
14:24,14:35,14:51,14:59
14:25,14:35,14:51,14:59
14:26,14:35,14:51,14:59
14:27,14:35,14:51,14:59
14:28,14:35,14:51,14:59
14:29,14:35,14:51,14:59
14:30,14:35,14:51,14:59
14:31,14:35,14:51,14:59
14:32,14:35,14:51,14:59
14:33,14:35,14:51,14:59
14:34,14:35,14:51,14:59
14:35,14:51,14:59,15:05
14:36,14:51,14:59,15:05
14:37,14:51,14:59,15:05
14:38,14:51,14:59,15:05
14:39,14:51,14:59,15:05
14:40,14:51,14:59,15:05
14:41,14:51,14:59,15:05
14:42,14:51,14:59,15:05
14:43,14:51,14:59,15:05
14:44,14:51,14:59,15:05
14:45,14:51,14:59,15:05
14:46,14:51,14:59,15:05
14:47,14:51,14:59,15:05
14:48,14:51,14:59,15:05
14:49,14:51,14:59,15:05
14:50,14:51,14:59,15:05
14:51,14:59,15:05,15:13
14:52,14:59,15:05,15:13
14:53,14:59,15:05,15:13
14:54,14:59,15:05,15:13
14:55,14:59,15:05,15:13
14:56,14:59,15:05,15:13
14:57,14:59,15:05,15:13
14:58,14:59,15:05,15:13
14:59,15:05,15:13,15:21
15:00,15:05,15:13,15:21
15:01,15:05,15:13,15:21
15:02,15:05,15:13,15:21
15:03,15:05,15:13,15:21
15:04,15:05,15:13,15:21
15:05,15:13,15:21,15:29
15:06,15:13,15:21,15:29
15:07,15:13,15:21,15:29
15:08,15:13,15:21,15:29
15:09,15:13,15:21,15:29
15:10,15:13,15:21,15:29
15:11,15:13,15:21,15:29
15:12,15:13,15:21,15:29
15:13,15:21,15:29,15:35
15:14,15:21,15:29,15:35
15:15,15:21,15:29,15:35
15:16,15:21,15:29,15:35
15:17,15:21,15:29,15:35
15:18,15:21,15:29,15:35
15:19,15:21,15:29,15:35
15:20,15:21,15:29,15:35
15:21,15:29,15:35,15:51
15:22,15:29,15:35,15:51
15:23,15:29,15:35,15:51
15:24,15:29,15:35,15:51
15:25,15:29,15:35,15:51
15:26,15:29,15:35,15:51
15:27,15:29,15:35,15:51
15:28,15:29,15:35,15:51
15:29,15:35,15:51,16:05
15:30,15:35,15:51,16:05
15:31,15:35,15:51,16:05
15:32,15:35,15:51,16:05
15:33,15:35,15:51,16:05
15:34,15:35,15:51,16:05
15:35,15:51,16:05,16:21
15:36,15:51,16:05,16:21
15:37,15:51,16:05,16:21
15:38,15:51,16:05,16:21
15:39,15:51,16:05,16:21
15:40,15:51,16:05,16:21
15:41,15:51,16:05,16:21
15:42,15:51,16:05,16:21
15:43,15:51,16:05,16:21
15:44,15:51,16:05,16:21
15:45,15:51,16:05,16:21
15:46,15:51,16:05,16:21
15:47,15:51,16:05,16:21
15:48,15:51,16:05,16:21
15:49,15:51,16:05,16:21
15:50,15:51,16:05,16:21
15:51,16:05,16:21,16:35
15:52,16:05,16:21,16:35
15:53,16:05,16:21,16:35
15:54,16:05,16:21,16:35
15:55,16:05,16:21,16:35
15:56,16:05,16:21,16:35
15:57,16:05,16:21,16:35
15:58,16:05,16:21,16:35
15:59,16:05,16:21,16:35
16:00,16:05,16:21,16:35
16:01,16:05,16:21,16:35
16:02,16:05,16:21,16:35
16:03,16:05,16:21,16:35
16:04,16:05,16:21,16:35
16:05,16:21,16:35,16:51
16:06,16:21,16:35,16:51
16:07,16:21,16:35,16:51
16:08,16:21,16:35,16:51
16:09,16:21,16:35,16:51
16:10,16:21,16:35,16:51
16:11,16:21,16:35,16:51
16:12,16:21,16:35,16:51
16:13,16:21,16:35,16:51
16:14,16:21,16:35,16:51
16:15,16:21,16:35,16:51
16:16,16:21,16:35,16:51
16:17,16:21,16:35,16:51
16:18,16:21,16:35,16:51
16:19,16:21,16:35,16:51
16:20,16:21,16:35,16:51
16:21,16:35,16:51,17:00
16:22,16:35,16:51,17:00
16:23,16:35,16:51,17:00
16:24,16:35,16:51,17:00
16:25,16:35,16:51,17:00
16:26,16:35,16:51,17:00
16:27,16:35,16:51,17:00
16:28,16:35,16:51,17:00
16:29,16:35,16:51,17:00
16:30,16:35,16:51,17:00
16:31,16:35,16:51,17:00
16:32,16:35,16:51,17:00
16:33,16:35,16:51,17:00
16:34,16:35,16:51,17:00
16:35,16:51,17:00,17:06
16:36,16:51,17:00,17:06
16:37,16:51,17:00,17:06
16:38,16:51,17:00,17:06
16:39,16:51,17:00,17:06
16:40,16:51,17:00,17:06
16:41,16:51,17:00,17:06
16:42,16:51,17:00,17:06
16:43,16:51,17:00,17:06
16:44,16:51,17:00,17:06
16:45,16:51,17:00,17:06
16:46,16:51,17:00,17:06
16:47,16:51,17:00,17:06
16:48,16:51,17:00,17:06
16:49,16:51,17:00,17:06
16:50,16:51,17:00,17:06
16:51,17:00,17:06,17:21
16:52,17:00,17:06,17:21
16:53,17:00,17:06,17:21
16:54,17:00,17:06,17:21
16:55,17:00,17:06,17:21
16:56,17:00,17:06,17:21
16:57,17:00,17:06,17:21
16:58,17:00,17:06,17:21
16:59,17:00,17:06,17:21
17:00,17:06,17:21,17:35
17:01,17:06,17:21,17:35
17:02,17:06,17:21,17:35
17:03,17:06,17:21,17:35
17:04,17:06,17:21,17:35
17:05,17:06,17:21,17:35
17:06,17:21,17:35,17:51
17:07,17:21,17:35,17:51
17:08,17:21,17:35,17:51
17:09,17:21,17:35,17:51
17:10,17:21,17:35,17:51
17:11,17:21,17:35,17:51
17:12,17:21,17:35,17:51
17:13,17:21,17:35,17:51
17:14,17:21,17:35,17:51
17:15,17:21,17:35,17:51
17:16,17:21,17:35,17:51
17:17,17:21,17:35,17:51
17:18,17:21,17:35,17:51
17:19,17:21,17:35,17:51
17:20,17:21,17:35,17:51
17:21,17:35,17:51,18:10
17:22,17:35,17:51,18:10
17:23,17:35,17:51,18:10
17:24,17:35,17:51,18:10
17:25,17:35,17:51,18:10
17:26,17:35,17:51,18:10
17:27,17:35,17:51,18:10
17:28,17:35,17:51,18:10
17:29,17:35,17:51,18:10
17:30,17:35,17:51,18:10
17:31,17:35,17:51,18:10
17:32,17:35,17:51,18:10
17:33,17:35,17:51,18:10
17:34,17:35,17:51,18:10
17:35,17:51,18:10,18:40
17:36,17:51,18:10,18:40
17:37,17:51,18:10,18:40
17:38,17:51,18:10,18:40
17:39,17:51,18:10,18:40
17:40,17:51,18:10,18:40
17:41,17:51,18:10,18:40
17:42,17:51,18:10,18:40
17:43,17:51,18:10,18:40
17:44,17:51,18:10,18:40
17:45,17:51,18:10,18:40
17:46,17:51,18:10,18:40
17:47,17:51,18:10,18:40
17:48,17:51,18:10,18:40
17:49,17:51,18:10,18:40
17:50,17:51,18:10,18:40
17:51,18:10,18:40,19:00
17:52,18:10,18:40,19:00
17:53,18:10,18:40,19:00
17:54,18:10,18:40,19:00
17:55,18:10,18:40,19:00
17:56,18:10,18:40,19:00
17:57,18:10,18:40,19:00
17:58,18:10,18:40,19:00
17:59,18:10,18:40,19:00
18:00,18:10,18:40,19:00
18:01,18:10,18:40,19:00
18:02,18:10,18:40,19:00
18:03,18:10,18:40,19:00
18:04,18:10,18:40,19:00
18:05,18:10,18:40,19:00
18:06,18:10,18:40,19:00
18:07,18:10,18:40,19:00
18:08,18:10,18:40,19:00
18:09,18:10,18:40,19:00
18:10,18:40,19:00,19:25
18:11,18:40,19:00,19:25
18:12,18:40,19:00,19:25
18:13,18:40,19:00,19:25
18:14,18:40,19:00,19:25
18:15,18:40,19:00,19:25
18:16,18:40,19:00,19:25
18:17,18:40,19:00,19:25
18:18,18:40,19:00,19:25
18:19,18:40,19:00,19:25
18:20,18:40,19:00,19:25
18:21,18:40,19:00,19:25
18:22,18:40,19:00,19:25
18:23,18:40,19:00,19:25
18:24,18:40,19:00,19:25
18:25,18:40,19:00,19:25
18:26,18:40,19:00,19:25
18:27,18:40,19:00,19:25
18:28,18:40,19:00,19:25
18:29,18:40,19:00,19:25
18:30,18:40,19:00,19:25
18:31,18:40,19:00,19:25
18:32,18:40,19:00,19:25
18:33,18:40,19:00,19:25
18:34,18:40,19:00,19:25
18:35,18:40,19:00,19:25
18:36,18:40,19:00,19:25
18:37,18:40,19:00,19:25
18:38,18:40,19:00,19:25
18:39,18:40,19:00,19:25
18:40,19:00,19:25,これ以降の運行時刻はありません。
18:41,19:00,19:25,これ以降の運行時刻はありません。
18:42,19:00,19:25,これ以降の運行時刻はありません。
18:43,19:00,19:25,これ以降の運行時刻はありません。
18:44,19:00,19:25,これ以降の運行時刻はありません。
18:45,19:00,19:25,これ以降の運行時刻はありません。
18:46,19:00,19:25,これ以降の運行時刻はありません。
18:47,19:00,19:25,これ以降の運行時刻はありません。
18:48,19:00,19:25,これ以降の運行時刻はありません。
18:49,19:00,19:25,これ以降の運行時刻はありません。
18:50,19:00,19:25,これ以降の運行時刻はありません。
18:51,19:00,19:25,これ以降の運行時刻はありません。
18:52,19:00,19:25,これ以降の運行時刻はありません。
18:53,19:00,19:25,これ以降の運行時刻はありません。
18:54,19:00,19:25,これ以降の運行時刻はありません。
18:55,19:00,19:25,これ以降の運行時刻はありません。
18:56,19:00,19:25,これ以降の運行時刻はありません。
18:57,19:00,19:25,これ以降の運行時刻はありません。
18:58,19:00,19:25,これ以降の運行時刻はありません。
18:59,19:00,19:25,これ以降の運行時刻はありません。
19:00,19:25,これ以降の運行時刻はありません。,
19:01,19:25,これ以降の運行時刻はありません。,
19:02,19:25,これ以降の運行時刻はありません。,
19:03,19:25,これ以降の運行時刻はありません。,
19:04,19:25,これ以降の運行時刻はありません。,
19:05,19:25,これ以降の運行時刻はありません。,
19:06,19:25,これ以降の運行時刻はありません。,
19:07,19:25,これ以降の運行時刻はありません。,
19:08,19:25,これ以降の運行時刻はありません。,
19:09,19:25,これ以降の運行時刻はありません。,
19:10,19:25,これ以降の運行時刻はありません。,
19:11,19:25,これ以降の運行時刻はありません。,
19:12,19:25,これ以降の運行時刻はありません。,
19:13,19:25,これ以降の運行時刻はありません。,
19:14,19:25,これ以降の運行時刻はありません。,
19:15,19:25,これ以降の運行時刻はありません。,
19:16,19:25,これ以降の運行時刻はありません。,
19:17,19:25,これ以降の運行時刻はありません。,
19:18,19:25,これ以降の運行時刻はありません。,
19:19,19:25,これ以降の運行時刻はありません。,
19:20,19:25,これ以降の運行時刻はありません。,
19:21,19:25,これ以降の運行時刻はありません。,
19:22,19:25,これ以降の運行時刻はありません。,
19:23,19:25,これ以降の運行時刻はありません。,
19:24,19:25,これ以降の運行時刻はありません。,
19:25,本日の運行は終了しました。,　　,
19:26,本日の運行は終了しました。,　　,
19:27,本日の運行は終了しました。,　　,
19:28,本日の運行は終了しました。,　　,
19:29,本日の運行は終了しました。,　　,
19:30,本日の運行は終了しました。,　　,
19:31,本日の運行は終了しました。,　　,
19:32,本日の運行は終了しました。,　　,
19:33,本日の運行は終了しました。,　　,
19:34,本日の運行は終了しました。,　　,
19:35,本日の運行は終了しました。,　　,
19:36,本日の運行は終了しました。,　　,
19:37,本日の運行は終了しました。,　　,
19:38,本日の運行は終了しました。,　　,
19:39,本日の運行は終了しました。,　　,
19:40,本日の運行は終了しました。,　　,
19:41,本日の運行は終了しました。,　　,
19:42,本日の運行は終了しました。,　　,
19:43,本日の運行は終了しました。,　　,
19:44,本日の運行は終了しました。,　　,
19:45,本日の運行は終了しました。,　　,
19:46,本日の運行は終了しました。,　　,
19:47,本日の運行は終了しました。,　　,
19:48,本日の運行は終了しました。,　　,
19:49,本日の運行は終了しました。,　　,
19:50,本日の運行は終了しました。,　　,
19:51,本日の運行は終了しました。,　　,
19:52,本日の運行は終了しました。,　　,
19:53,本日の運行は終了しました。,　　,
19:54,本日の運行は終了しました。,　　,
19:55,本日の運行は終了しました。,　　,
19:56,本日の運行は終了しました。,　　,
19:57,本日の運行は終了しました。,　　,
19:58,本日の運行は終了しました。,　　,
19:59,本日の運行は終了しました。,　　,
20:00,本日の運行は終了しました。,　　,
20:01,本日の運行は終了しました。,　　,
20:02,本日の運行は終了しました。,　　,
20:03,本日の運行は終了しました。,　　,
20:04,本日の運行は終了しました。,　　,
20:05,本日の運行は終了しました。,　　,
20:06,本日の運行は終了しました。,　　,
20:07,本日の運行は終了しました。,　　,
20:08,本日の運行は終了しました。,　　,
20:09,本日の運行は終了しました。,　　,
20:10,本日の運行は終了しました。,　　,
20:11,本日の運行は終了しました。,　　,
20:12,本日の運行は終了しました。,　　,
20:13,本日の運行は終了しました。,　　,
20:14,本日の運行は終了しました。,　　,
20:15,本日の運行は終了しました。,　　,
20:16,本日の運行は終了しました。,　　,
20:17,本日の運行は終了しました。,　　,
20:18,本日の運行は終了しました。,　　,
20:19,本日の運行は終了しました。,　　,
20:20,本日の運行は終了しました。,　　,
20:21,本日の運行は終了しました。,　　,
20:22,本日の運行は終了しました。,　　,
20:23,本日の運行は終了しました。,　　,
20:24,本日の運行は終了しました。,　　,
20:25,本日の運行は終了しました。,　　,
20:26,本日の運行は終了しました。,　　,
20:27,本日の運行は終了しました。,　　,
20:28,本日の運行は終了しました。,　　,
20:29,本日の運行は終了しました。,　　,
20:30,本日の運行は終了しました。,　　,
20:31,本日の運行は終了しました。,　　,
20:32,本日の運行は終了しました。,　　,
20:33,本日の運行は終了しました。,　　,
20:34,本日の運行は終了しました。,　　,
20:35,本日の運行は終了しました。,　　,
20:36,本日の運行は終了しました。,　　,
20:37,本日の運行は終了しました。,　　,
20:38,本日の運行は終了しました。,　　,
20:39,本日の運行は終了しました。,　　,
20:40,本日の運行は終了しました。,　　,
20:41,本日の運行は終了しました。,　　,
20:42,本日の運行は終了しました。,　　,
20:43,本日の運行は終了しました。,　　,
20:44,本日の運行は終了しました。,　　,
20:45,本日の運行は終了しました。,　　,
20:46,本日の運行は終了しました。,　　,
20:47,本日の運行は終了しました。,　　,
20:48,本日の運行は終了しました。,　　,
20:49,本日の運行は終了しました。,　　,
20:50,本日の運行は終了しました。,　　,
20:51,本日の運行は終了しました。,　　,
20:52,本日の運行は終了しました。,　　,
20:53,本日の運行は終了しました。,　　,
20:54,本日の運行は終了しました。,　　,
20:55,本日の運行は終了しました。,　　,
20:56,本日の運行は終了しました。,　　,
20:57,本日の運行は終了しました。,　　,
20:58,本日の運行は終了しました。,　　,
20:59,本日の運行は終了しました。,　　,
21:00,本日の運行は終了しました。,　　,
21:01,本日の運行は終了しました。,　　,
21:02,本日の運行は終了しました。,　　,
21:03,本日の運行は終了しました。,　　,
21:04,本日の運行は終了しました。,　　,
21:05,本日の運行は終了しました。,　　,
21:06,本日の運行は終了しました。,　　,
21:07,本日の運行は終了しました。,　　,
21:08,本日の運行は終了しました。,　　,
21:09,本日の運行は終了しました。,　　,
21:10,本日の運行は終了しました。,　　,
21:11,本日の運行は終了しました。,　　,
21:12,本日の運行は終了しました。,　　,
21:13,本日の運行は終了しました。,　　,
21:14,本日の運行は終了しました。,　　,
21:15,本日の運行は終了しました。,　　,
21:16,本日の運行は終了しました。,　　,
21:17,本日の運行は終了しました。,　　,
21:18,本日の運行は終了しました。,　　,
21:19,本日の運行は終了しました。,　　,
21:20,本日の運行は終了しました。,　　,
21:21,本日の運行は終了しました。,　　,
21:22,本日の運行は終了しました。,　　,
21:23,本日の運行は終了しました。,　　,
21:24,本日の運行は終了しました。,　　,
21:25,本日の運行は終了しました。,　　,
21:26,本日の運行は終了しました。,　　,
21:27,本日の運行は終了しました。,　　,
21:28,本日の運行は終了しました。,　　,
21:29,本日の運行は終了しました。,　　,
21:30,本日の運行は終了しました。,　　,
21:31,本日の運行は終了しました。,　　,
21:32,本日の運行は終了しました。,　　,
21:33,本日の運行は終了しました。,　　,
21:34,本日の運行は終了しました。,　　,
21:35,本日の運行は終了しました。,　　,
21:36,本日の運行は終了しました。,　　,
21:37,本日の運行は終了しました。,　　,
21:38,本日の運行は終了しました。,　　,
21:39,本日の運行は終了しました。,　　,
21:40,本日の運行は終了しました。,　　,
21:41,本日の運行は終了しました。,　　,
21:42,本日の運行は終了しました。,　　,
21:43,本日の運行は終了しました。,　　,
21:44,本日の運行は終了しました。,　　,
21:45,本日の運行は終了しました。,　　,
21:46,本日の運行は終了しました。,　　,
21:47,本日の運行は終了しました。,　　,
21:48,本日の運行は終了しました。,　　,
21:49,本日の運行は終了しました。,　　,
21:50,本日の運行は終了しました。,　　,
21:51,本日の運行は終了しました。,　　,
21:52,本日の運行は終了しました。,　　,
21:53,本日の運行は終了しました。,　　,
21:54,本日の運行は終了しました。,　　,
21:55,本日の運行は終了しました。,　　,
21:56,本日の運行は終了しました。,　　,
21:57,本日の運行は終了しました。,　　,
21:58,本日の運行は終了しました。,　　,
21:59,本日の運行は終了しました。,　　,
22:00,本日の運行は終了しました。,　　,
22:01,本日の運行は終了しました。,　　,
22:02,本日の運行は終了しました。,　　,
22:03,本日の運行は終了しました。,　　,
22:04,本日の運行は終了しました。,　　,
22:05,本日の運行は終了しました。,　　,
22:06,本日の運行は終了しました。,　　,
22:07,本日の運行は終了しました。,　　,
22:08,本日の運行は終了しました。,　　,
22:09,本日の運行は終了しました。,　　,
22:10,本日の運行は終了しました。,　　,
22:11,本日の運行は終了しました。,　　,
22:12,本日の運行は終了しました。,　　,
22:13,本日の運行は終了しました。,　　,
22:14,本日の運行は終了しました。,　　,
22:15,本日の運行は終了しました。,　　,
22:16,本日の運行は終了しました。,　　,
22:17,本日の運行は終了しました。,　　,
22:18,本日の運行は終了しました。,　　,
22:19,本日の運行は終了しました。,　　,
22:20,本日の運行は終了しました。,　　,
22:21,本日の運行は終了しました。,　　,
22:22,本日の運行は終了しました。,　　,
22:23,本日の運行は終了しました。,　　,
22:24,本日の運行は終了しました。,　　,
22:25,本日の運行は終了しました。,　　,
22:26,本日の運行は終了しました。,　　,
22:27,本日の運行は終了しました。,　　,
22:28,本日の運行は終了しました。,　　,
22:29,本日の運行は終了しました。,　　,
22:30,本日の運行は終了しました。,　　,
22:31,本日の運行は終了しました。,　　,
22:32,本日の運行は終了しました。,　　,
22:33,本日の運行は終了しました。,　　,
22:34,本日の運行は終了しました。,　　,
22:35,本日の運行は終了しました。,　　,
22:36,本日の運行は終了しました。,　　,
22:37,本日の運行は終了しました。,　　,
22:38,本日の運行は終了しました。,　　,
22:39,本日の運行は終了しました。,　　,
22:40,本日の運行は終了しました。,　　,
22:41,本日の運行は終了しました。,　　,
22:42,本日の運行は終了しました。,　　,
22:43,本日の運行は終了しました。,　　,
22:44,本日の運行は終了しました。,　　,
22:45,本日の運行は終了しました。,　　,
22:46,本日の運行は終了しました。,　　,
22:47,本日の運行は終了しました。,　　,
22:48,本日の運行は終了しました。,　　,
22:49,本日の運行は終了しました。,　　,
22:50,本日の運行は終了しました。,　　,
22:51,本日の運行は終了しました。,　　,
22:52,本日の運行は終了しました。,　　,
22:53,本日の運行は終了しました。,　　,
22:54,本日の運行は終了しました。,　　,
22:55,本日の運行は終了しました。,　　,
22:56,本日の運行は終了しました。,　　,
22:57,本日の運行は終了しました。,　　,
22:58,本日の運行は終了しました。,　　,
22:59,本日の運行は終了しました。,　　,
23:00,本日の運行は終了しました。,　　,
23:01,本日の運行は終了しました。,　　,
23:02,本日の運行は終了しました。,　　,
23:03,本日の運行は終了しました。,　　,
23:04,本日の運行は終了しました。,　　,
23:05,本日の運行は終了しました。,　　,
23:06,本日の運行は終了しました。,　　,
23:07,本日の運行は終了しました。,　　,
23:08,本日の運行は終了しました。,　　,
23:09,本日の運行は終了しました。,　　,
23:10,本日の運行は終了しました。,　　,
23:11,本日の運行は終了しました。,　　,
23:12,本日の運行は終了しました。,　　,
23:13,本日の運行は終了しました。,　　,
23:14,本日の運行は終了しました。,　　,
23:15,本日の運行は終了しました。,　　,
23:16,本日の運行は終了しました。,　　,
23:17,本日の運行は終了しました。,　　,
23:18,本日の運行は終了しました。,　　,
23:19,本日の運行は終了しました。,　　,
23:20,本日の運行は終了しました。,　　,
23:21,本日の運行は終了しました。,　　,
23:22,本日の運行は終了しました。,　　,
23:23,本日の運行は終了しました。,　　,
23:24,本日の運行は終了しました。,　　,
23:25,本日の運行は終了しました。,　　,
23:26,本日の運行は終了しました。,　　,
23:27,本日の運行は終了しました。,　　,
23:28,本日の運行は終了しました。,　　,
23:29,本日の運行は終了しました。,　　,
23:30,本日の運行は終了しました。,　　,
23:31,本日の運行は終了しました。,　　,
23:32,本日の運行は終了しました。,　　,
23:33,本日の運行は終了しました。,　　,
23:34,本日の運行は終了しました。,　　,
23:35,本日の運行は終了しました。,　　,
23:36,本日の運行は終了しました。,　　,
23:37,本日の運行は終了しました。,　　,
23:38,本日の運行は終了しました。,　　,
23:39,本日の運行は終了しました。,　　,
23:40,本日の運行は終了しました。,　　,
23:41,本日の運行は終了しました。,　　,
23:42,本日の運行は終了しました。,　　,
23:43,本日の運行は終了しました。,　　,
23:44,本日の運行は終了しました。,　　,
23:45,本日の運行は終了しました。,　　,
23:46,本日の運行は終了しました。,　　,
23:47,本日の運行は終了しました。,　　,
23:48,本日の運行は終了しました。,　　,
23:49,本日の運行は終了しました。,　　,
23:50,本日の運行は終了しました。,　　,
23:51,本日の運行は終了しました。,　　,
23:52,本日の運行は終了しました。,　　,
23:53,本日の運行は終了しました。,　　,
23:54,本日の運行は終了しました。,　　,
23:55,本日の運行は終了しました。,　　,
23:56,本日の運行は終了しました。,　　,
23:57,本日の運行は終了しました。,　　,
23:58,本日の運行は終了しました。,　　,
23:59,本日の運行は終了しました。,　　,
0:00,8:20,8:25,8:28
0:01,8:20,8:25,8:28
0:02,8:20,8:25,8:28
0:03,8:20,8:25,8:28
0:04,8:20,8:25,8:28
0:05,8:20,8:25,8:28
0:06,8:20,8:25,8:28
0:07,8:20,8:25,8:28
0:08,8:20,8:25,8:28
0:09,8:20,8:25,8:28
0:10,8:20,8:25,8:28
0:11,8:20,8:25,8:28
0:12,8:20,8:25,8:28
0:13,8:20,8:25,8:28
0:14,8:20,8:25,8:28
0:15,8:20,8:25,8:28
0:16,8:20,8:25,8:28
0:17,8:20,8:25,8:28
0:18,8:20,8:25,8:28
0:19,8:20,8:25,8:28
0:20,8:20,8:25,8:28
0:21,8:20,8:25,8:28
0:22,8:20,8:25,8:28
0:23,8:20,8:25,8:28
0:24,8:20,8:25,8:28
0:25,8:20,8:25,8:28
0:26,8:20,8:25,8:28
0:27,8:20,8:25,8:28
0:28,8:20,8:25,8:28
0:29,8:20,8:25,8:28
0:30,8:20,8:25,8:28
0:31,8:20,8:25,8:28
0:32,8:20,8:25,8:28
0:33,8:20,8:25,8:28
0:34,8:20,8:25,8:28
0:35,8:20,8:25,8:28
0:36,8:20,8:25,8:28
0:37,8:20,8:25,8:28
0:38,8:20,8:25,8:28
0:39,8:20,8:25,8:28
0:40,8:20,8:25,8:28
0:41,8:20,8:25,8:28
0:42,8:20,8:25,8:28
0:43,8:20,8:25,8:28
0:44,8:20,8:25,8:28
0:45,8:20,8:25,8:28
0:46,8:20,8:25,8:28
0:47,8:20,8:25,8:28
0:48,8:20,8:25,8:28
0:49,8:20,8:25,8:28
0:50,8:20,8:25,8:28
0:51,8:20,8:25,8:28
0:52,8:20,8:25,8:28
0:53,8:20,8:25,8:28
0:54,8:20,8:25,8:28
0:55,8:20,8:25,8:28
0:56,8:20,8:25,8:28
0:57,8:20,8:25,8:28
0:58,8:20,8:25,8:28
0:59,8:20,8:25,8:28
1:00,8:20,8:25,8:28
1:01,8:20,8:25,8:28
1:02,8:20,8:25,8:28
1:03,8:20,8:25,8:28
1:04,8:20,8:25,8:28
1:05,8:20,8:25,8:28
1:06,8:20,8:25,8:28
1:07,8:20,8:25,8:28
1:08,8:20,8:25,8:28
1:09,8:20,8:25,8:28
1:10,8:20,8:25,8:28
1:11,8:20,8:25,8:28
1:12,8:20,8:25,8:28
1:13,8:20,8:25,8:28
1:14,8:20,8:25,8:28
1:15,8:20,8:25,8:28
1:16,8:20,8:25,8:28
1:17,8:20,8:25,8:28
1:18,8:20,8:25,8:28
1:19,8:20,8:25,8:28
1:20,8:20,8:25,8:28
1:21,8:20,8:25,8:28
1:22,8:20,8:25,8:28
1:23,8:20,8:25,8:28
1:24,8:20,8:25,8:28
1:25,8:20,8:25,8:28
1:26,8:20,8:25,8:28
1:27,8:20,8:25,8:28
1:28,8:20,8:25,8:28
1:29,8:20,8:25,8:28
1:30,8:20,8:25,8:28
1:31,8:20,8:25,8:28
1:32,8:20,8:25,8:28
1:33,8:20,8:25,8:28
1:34,8:20,8:25,8:28
1:35,8:20,8:25,8:28
1:36,8:20,8:25,8:28
1:37,8:20,8:25,8:28
1:38,8:20,8:25,8:28
1:39,8:20,8:25,8:28
1:40,8:20,8:25,8:28
1:41,8:20,8:25,8:28
1:42,8:20,8:25,8:28
1:43,8:20,8:25,8:28
1:44,8:20,8:25,8:28
1:45,8:20,8:25,8:28
1:46,8:20,8:25,8:28
1:47,8:20,8:25,8:28
1:48,8:20,8:25,8:28
1:49,8:20,8:25,8:28
1:50,8:20,8:25,8:28
1:51,8:20,8:25,8:28
1:52,8:20,8:25,8:28
1:53,8:20,8:25,8:28
1:54,8:20,8:25,8:28
1:55,8:20,8:25,8:28
1:56,8:20,8:25,8:28
1:57,8:20,8:25,8:28
1:58,8:20,8:25,8:28
1:59,8:20,8:25,8:28
2:00,8:20,8:25,8:28
2:01,8:20,8:25,8:28
2:02,8:20,8:25,8:28
2:03,8:20,8:25,8:28
2:04,8:20,8:25,8:28
2:05,8:20,8:25,8:28
2:06,8:20,8:25,8:28
2:07,8:20,8:25,8:28
2:08,8:20,8:25,8:28
2:09,8:20,8:25,8:28
2:10,8:20,8:25,8:28
2:11,8:20,8:25,8:28
2:12,8:20,8:25,8:28
2:13,8:20,8:25,8:28
2:14,8:20,8:25,8:28
2:15,8:20,8:25,8:28
2:16,8:20,8:25,8:28
2:17,8:20,8:25,8:28
2:18,8:20,8:25,8:28
2:19,8:20,8:25,8:28
2:20,8:20,8:25,8:28
2:21,8:20,8:25,8:28
2:22,8:20,8:25,8:28
2:23,8:20,8:25,8:28
2:24,8:20,8:25,8:28
2:25,8:20,8:25,8:28
2:26,8:20,8:25,8:28
2:27,8:20,8:25,8:28
2:28,8:20,8:25,8:28
2:29,8:20,8:25,8:28
2:30,8:20,8:25,8:28
2:31,8:20,8:25,8:28
2:32,8:20,8:25,8:28
2:33,8:20,8:25,8:28
2:34,8:20,8:25,8:28
2:35,8:20,8:25,8:28
2:36,8:20,8:25,8:28
2:37,8:20,8:25,8:28
2:38,8:20,8:25,8:28
2:39,8:20,8:25,8:28
2:40,8:20,8:25,8:28
2:41,8:20,8:25,8:28
2:42,8:20,8:25,8:28
2:43,8:20,8:25,8:28
2:44,8:20,8:25,8:28
2:45,8:20,8:25,8:28
2:46,8:20,8:25,8:28
2:47,8:20,8:25,8:28
2:48,8:20,8:25,8:28
2:49,8:20,8:25,8:28
2:50,8:20,8:25,8:28
2:51,8:20,8:25,8:28
2:52,8:20,8:25,8:28
2:53,8:20,8:25,8:28
2:54,8:20,8:25,8:28
2:55,8:20,8:25,8:28
2:56,8:20,8:25,8:28
2:57,8:20,8:25,8:28
2:58,8:20,8:25,8:28
2:59,8:20,8:25,8:28
3:00,8:20,8:25,8:28
3:01,8:20,8:25,8:28
3:02,8:20,8:25,8:28
3:03,8:20,8:25,8:28
3:04,8:20,8:25,8:28
3:05,8:20,8:25,8:28
3:06,8:20,8:25,8:28
3:07,8:20,8:25,8:28
3:08,8:20,8:25,8:28
3:09,8:20,8:25,8:28
3:10,8:20,8:25,8:28
3:11,8:20,8:25,8:28
3:12,8:20,8:25,8:28
3:13,8:20,8:25,8:28
3:14,8:20,8:25,8:28
3:15,8:20,8:25,8:28
3:16,8:20,8:25,8:28
3:17,8:20,8:25,8:28
3:18,8:20,8:25,8:28
3:19,8:20,8:25,8:28
3:20,8:20,8:25,8:28
3:21,8:20,8:25,8:28
3:22,8:20,8:25,8:28
3:23,8:20,8:25,8:28
3:24,8:20,8:25,8:28
3:25,8:20,8:25,8:28
3:26,8:20,8:25,8:28
3:27,8:20,8:25,8:28
3:28,8:20,8:25,8:28
3:29,8:20,8:25,8:28
3:30,8:20,8:25,8:28
3:31,8:20,8:25,8:28
3:32,8:20,8:25,8:28
3:33,8:20,8:25,8:28
3:34,8:20,8:25,8:28
3:35,8:20,8:25,8:28
3:36,8:20,8:25,8:28
3:37,8:20,8:25,8:28
3:38,8:20,8:25,8:28
3:39,8:20,8:25,8:28
3:40,8:20,8:25,8:28
3:41,8:20,8:25,8:28
3:42,8:20,8:25,8:28
3:43,8:20,8:25,8:28
3:44,8:20,8:25,8:28
3:45,8:20,8:25,8:28
3:46,8:20,8:25,8:28
3:47,8:20,8:25,8:28
3:48,8:20,8:25,8:28
3:49,8:20,8:25,8:28
3:50,8:20,8:25,8:28
3:51,8:20,8:25,8:28
3:52,8:20,8:25,8:28
3:53,8:20,8:25,8:28
3:54,8:20,8:25,8:28
3:55,8:20,8:25,8:28
3:56,8:20,8:25,8:28
3:57,8:20,8:25,8:28
3:58,8:20,8:25,8:28
3:59,8:20,8:25,8:28
4:00,8:20,8:25,8:28
4:01,8:20,8:25,8:28
4:02,8:20,8:25,8:28
4:03,8:20,8:25,8:28
4:04,8:20,8:25,8:28
4:05,8:20,8:25,8:28
4:06,8:20,8:25,8:28
4:07,8:20,8:25,8:28
4:08,8:20,8:25,8:28
4:09,8:20,8:25,8:28
4:10,8:20,8:25,8:28
4:11,8:20,8:25,8:28
4:12,8:20,8:25,8:28
4:13,8:20,8:25,8:28
4:14,8:20,8:25,8:28
4:15,8:20,8:25,8:28
4:16,8:20,8:25,8:28
4:17,8:20,8:25,8:28
4:18,8:20,8:25,8:28
4:19,8:20,8:25,8:28
4:20,8:20,8:25,8:28
4:21,8:20,8:25,8:28
4:22,8:20,8:25,8:28
4:23,8:20,8:25,8:28
4:24,8:20,8:25,8:28
4:25,8:20,8:25,8:28
4:26,8:20,8:25,8:28
4:27,8:20,8:25,8:28
4:28,8:20,8:25,8:28
4:29,8:20,8:25,8:28
4:30,8:20,8:25,8:28
4:31,8:20,8:25,8:28
4:32,8:20,8:25,8:28
4:33,8:20,8:25,8:28
4:34,8:20,8:25,8:28
4:35,8:20,8:25,8:28
4:36,8:20,8:25,8:28
4:37,8:20,8:25,8:28
4:38,8:20,8:25,8:28
4:39,8:20,8:25,8:28
4:40,8:20,8:25,8:28
4:41,8:20,8:25,8:28
4:42,8:20,8:25,8:28
4:43,8:20,8:25,8:28
4:44,8:20,8:25,8:28
4:45,8:20,8:25,8:28
4:46,8:20,8:25,8:28
4:47,8:20,8:25,8:28
4:48,8:20,8:25,8:28
4:49,8:20,8:25,8:28
4:50,8:20,8:25,8:28
4:51,8:20,8:25,8:28
4:52,8:20,8:25,8:28
4:53,8:20,8:25,8:28
4:54,8:20,8:25,8:28
4:55,8:20,8:25,8:28
4:56,8:20,8:25,8:28
4:57,8:20,8:25,8:28
4:58,8:20,8:25,8:28
4:59,8:20,8:25,8:28
5:00,8:20,8:25,8:28
5:01,8:20,8:25,8:28
5:02,8:20,8:25,8:28
5:03,8:20,8:25,8:28
5:04,8:20,8:25,8:28
5:05,8:20,8:25,8:28
5:06,8:20,8:25,8:28
5:07,8:20,8:25,8:28
5:08,8:20,8:25,8:28
5:09,8:20,8:25,8:28
5:10,8:20,8:25,8:28
5:11,8:20,8:25,8:28
5:12,8:20,8:25,8:28
5:13,8:20,8:25,8:28
5:14,8:20,8:25,8:28
5:15,8:20,8:25,8:28
5:16,8:20,8:25,8:28
5:17,8:20,8:25,8:28
5:18,8:20,8:25,8:28
5:19,8:20,8:25,8:28
5:20,8:20,8:25,8:28
5:21,8:20,8:25,8:28
5:22,8:20,8:25,8:28
5:23,8:20,8:25,8:28
5:24,8:20,8:25,8:28
5:25,8:20,8:25,8:28
5:26,8:20,8:25,8:28
5:27,8:20,8:25,8:28
5:28,8:20,8:25,8:28
5:29,8:20,8:25,8:28
5:30,8:20,8:25,8:28
5:31,8:20,8:25,8:28
5:32,8:20,8:25,8:28
5:33,8:20,8:25,8:28
5:34,8:20,8:25,8:28
5:35,8:20,8:25,8:28
5:36,8:20,8:25,8:28
5:37,8:20,8:25,8:28
5:38,8:20,8:25,8:28
5:39,8:20,8:25,8:28
5:40,8:20,8:25,8:28
5:41,8:20,8:25,8:28
5:42,8:20,8:25,8:28
5:43,8:20,8:25,8:28
5:44,8:20,8:25,8:28
5:45,8:20,8:25,8:28
5:46,8:20,8:25,8:28
5:47,8:20,8:25,8:28
5:48,8:20,8:25,8:28
5:49,8:20,8:25,8:28
5:50,8:20,8:25,8:28
5:51,8:20,8:25,8:28
5:52,8:20,8:25,8:28
5:53,8:20,8:25,8:28
5:54,8:20,8:25,8:28
5:55,8:20,8:25,8:28
5:56,8:20,8:25,8:28
5:57,8:20,8:25,8:28
5:58,8:20,8:25,8:28
5:59,8:20,8:25,8:28
6:00,8:20,8:25,8:28
6:01,8:20,8:25,8:28
6:02,8:20,8:25,8:28
6:03,8:20,8:25,8:28
6:04,8:20,8:25,8:28
6:05,8:20,8:25,8:28
6:06,8:20,8:25,8:28
6:07,8:20,8:25,8:28
6:08,8:20,8:25,8:28
6:09,8:20,8:25,8:28
6:10,8:20,8:25,8:28
6:11,8:20,8:25,8:28
6:12,8:20,8:25,8:28
6:13,8:20,8:25,8:28
6:14,8:20,8:25,8:28
6:15,8:20,8:25,8:28
6:16,8:20,8:25,8:28
6:17,8:20,8:25,8:28
6:18,8:20,8:25,8:28
6:19,8:20,8:25,8:28
6:20,8:20,8:25,8:28
6:21,8:20,8:25,8:28
6:22,8:20,8:25,8:28
6:23,8:20,8:25,8:28
6:24,8:20,8:25,8:28
6:25,8:20,8:25,8:28
6:26,8:20,8:25,8:28
6:27,8:20,8:25,8:28
6:28,8:20,8:25,8:28
6:29,8:20,8:25,8:28
6:30,8:20,8:25,8:28
6:31,8:20,8:25,8:28
6:32,8:20,8:25,8:28
6:33,8:20,8:25,8:28
6:34,8:20,8:25,8:28
6:35,8:20,8:25,8:28
6:36,8:20,8:25,8:28
6:37,8:20,8:25,8:28
6:38,8:20,8:25,8:28
6:39,8:20,8:25,8:28
6:40,8:20,8:25,8:28
6:41,8:20,8:25,8:28
6:42,8:20,8:25,8:28
6:43,8:20,8:25,8:28
6:44,8:20,8:25,8:28
6:45,8:20,8:25,8:28
6:46,8:20,8:25,8:28
6:47,8:20,8:25,8:28
6:48,8:20,8:25,8:28
6:49,8:20,8:25,8:28
6:50,8:20,8:25,8:28
6:51,8:20,8:25,8:28
6:52,8:20,8:25,8:28
6:53,8:20,8:25,8:28
6:54,8:20,8:25,8:28
6:55,8:20,8:25,8:28
6:56,8:20,8:25,8:28
6:57,8:20,8:25,8:28
6:58,8:20,8:25,8:28
6:59,8:20,8:25,8:28
7:00,8:20,8:25,8:28
7:01,8:20,8:25,8:28
7:02,8:20,8:25,8:28
7:03,8:20,8:25,8:28
7:04,8:20,8:25,8:28
7:05,8:20,8:25,8:28
7:06,8:20,8:25,8:28
7:07,8:20,8:25,8:28
7:08,8:20,8:25,8:28
7:09,8:20,8:25,8:28
7:10,8:20,8:25,8:28
7:11,8:20,8:25,8:28
7:12,8:20,8:25,8:28
7:13,8:20,8:25,8:28
7:14,8:20,8:25,8:28
7:15,8:20,8:25,8:28
7:16,8:20,8:25,8:28
7:17,8:20,8:25,8:28
7:18,8:20,8:25,8:28
7:19,8:20,8:25,8:28
7:20,8:20,8:25,8:28
7:21,8:20,8:25,8:28
7:22,8:20,8:25,8:28
7:23,8:20,8:25,8:28
7:24,8:20,8:25,8:28
7:25,8:20,8:25,8:28
7:26,8:20,8:25,8:28
7:27,8:20,8:25,8:28
7:28,8:20,8:25,8:28
7:29,8:20,8:25,8:28
7:30,8:20,8:25,8:28
7:31,8:20,8:25,8:28
7:32,8:20,8:25,8:28
7:33,8:20,8:25,8:28
7:34,8:20,8:25,8:28
7:35,8:20,8:25,8:28
7:36,8:20,8:25,8:28
7:37,8:20,8:25,8:28
7:38,8:20,8:25,8:28
7:39,8:20,8:25,8:28
7:40,8:20,8:25,8:28
7:41,8:20,8:25,8:28
7:42,8:20,8:25,8:28
7:43,8:20,8:25,8:28
7:44,8:20,8:25,8:28
7:45,8:20,8:25,8:28
7:46,8:20,8:25,8:28
7:47,8:20,8:25,8:28
7:48,8:20,8:25,8:28
7:49,8:20,8:25,8:28
7:50,8:20,8:25,8:28
7:51,8:20,8:25,8:28
7:52,8:20,8:25,8:28
7:53,8:20,8:25,8:28
7:54,8:20,8:25,8:28
7:55,8:20,8:25,8:28
7:56,8:20,8:25,8:28
7:57,8:20,8:25,8:28
7:58,8:20,8:25,8:28
7:59,8:20,8:25,8:28
