8:00,8:23,8:48,9:04
8:01,8:23,8:48,9:04
8:02,8:23,8:48,9:04
8:03,8:23,8:48,9:04
8:04,8:23,8:48,9:04
8:05,8:23,8:48,9:04
8:06,8:23,8:48,9:04
8:07,8:23,8:48,9:04
8:08,8:23,8:48,9:04
8:09,8:23,8:48,9:04
8:10,8:23,8:48,9:04
8:11,8:23,8:48,9:04
8:12,8:23,8:48,9:04
8:13,8:23,8:48,9:04
8:14,8:23,8:48,9:04
8:15,8:23,8:48,9:04
8:16,8:23,8:48,9:04
8:17,8:23,8:48,9:04
8:18,8:23,8:48,9:04
8:19,8:23,8:48,9:04
8:20,8:23,8:48,9:04
8:21,8:23,8:48,9:04
8:22,8:23,8:48,9:04
8:23,8:48,9:04,9:38
8:24,8:48,9:04,9:38
8:25,8:48,9:04,9:38
8:26,8:48,9:04,9:38
8:27,8:48,9:04,9:38
8:28,8:48,9:04,9:38
8:29,8:48,9:04,9:38
8:30,8:48,9:04,9:38
8:31,8:48,9:04,9:38
8:32,8:48,9:04,9:38
8:33,8:48,9:04,9:38
8:34,8:48,9:04,9:38
8:35,8:48,9:04,9:38
8:36,8:48,9:04,9:38
8:37,8:48,9:04,9:38
8:38,8:48,9:04,9:38
8:39,8:48,9:04,9:38
8:40,8:48,9:04,9:38
8:41,8:48,9:04,9:38
8:42,8:48,9:04,9:38
8:43,8:48,9:04,9:38
8:44,8:48,9:04,9:38
8:45,8:48,9:04,9:38
8:46,8:48,9:04,9:38
8:47,8:48,9:04,9:38
8:48,9:04,9:38,10:08
8:49,9:04,9:38,10:08
8:50,9:04,9:38,10:08
8:51,9:04,9:38,10:08
8:52,9:04,9:38,10:08
8:53,9:04,9:38,10:08
8:54,9:04,9:38,10:08
8:55,9:04,9:38,10:08
8:56,9:04,9:38,10:08
8:57,9:04,9:38,10:08
8:58,9:04,9:38,10:08
8:59,9:04,9:38,10:08
9:00,9:04,9:38,10:08
9:01,9:04,9:38,10:08
9:02,9:04,9:38,10:08
9:03,9:04,9:38,10:08
9:04,9:38,10:08,10:38
9:05,9:38,10:08,10:38
9:06,9:38,10:08,10:38
9:07,9:38,10:08,10:38
9:08,9:38,10:08,10:38
9:09,9:38,10:08,10:38
9:10,9:38,10:08,10:38
9:11,9:38,10:08,10:38
9:12,9:38,10:08,10:38
9:13,9:38,10:08,10:38
9:14,9:38,10:08,10:38
9:15,9:38,10:08,10:38
9:16,9:38,10:08,10:38
9:17,9:38,10:08,10:38
9:18,9:38,10:08,10:38
9:19,9:38,10:08,10:38
9:20,9:38,10:08,10:38
9:21,9:38,10:08,10:38
9:22,9:38,10:08,10:38
9:23,9:38,10:08,10:38
9:24,9:38,10:08,10:38
9:25,9:38,10:08,10:38
9:26,9:38,10:08,10:38
9:27,9:38,10:08,10:38
9:28,9:38,10:08,10:38
9:29,9:38,10:08,10:38
9:30,9:38,10:08,10:38
9:31,9:38,10:08,10:38
9:32,9:38,10:08,10:38
9:33,9:38,10:08,10:38
9:34,9:38,10:08,10:38
9:35,9:38,10:08,10:38
9:36,9:38,10:08,10:38
9:37,9:38,10:08,10:38
9:38,10:08,10:38,10:58
9:39,10:08,10:38,10:58
9:40,10:08,10:38,10:58
9:41,10:08,10:38,10:58
9:42,10:08,10:38,10:58
9:43,10:08,10:38,10:58
9:44,10:08,10:38,10:58
9:45,10:08,10:38,10:58
9:46,10:08,10:38,10:58
9:47,10:08,10:38,10:58
9:48,10:08,10:38,10:58
9:49,10:08,10:38,10:58
9:50,10:08,10:38,10:58
9:51,10:08,10:38,10:58
9:52,10:08,10:38,10:58
9:53,10:08,10:38,10:58
9:54,10:08,10:38,10:58
9:55,10:08,10:38,10:58
9:56,10:08,10:38,10:58
9:57,10:08,10:38,10:58
9:58,10:08,10:38,10:58
9:59,10:08,10:38,10:58
10:00,10:08,10:38,10:58
10:01,10:08,10:38,10:58
10:02,10:08,10:38,10:58
10:03,10:08,10:38,10:58
10:04,10:08,10:38,10:58
10:05,10:08,10:38,10:58
10:06,10:08,10:38,10:58
10:07,10:08,10:38,10:58
10:08,10:38,10:58,11:50
10:09,10:38,10:58,11:50
10:10,10:38,10:58,11:50
10:11,10:38,10:58,11:50
10:12,10:38,10:58,11:50
10:13,10:38,10:58,11:50
10:14,10:38,10:58,11:50
10:15,10:38,10:58,11:50
10:16,10:38,10:58,11:50
10:17,10:38,10:58,11:50
10:18,10:38,10:58,11:50
10:19,10:38,10:58,11:50
10:20,10:38,10:58,11:50
10:21,10:38,10:58,11:50
10:22,10:38,10:58,11:50
10:23,10:38,10:58,11:50
10:24,10:38,10:58,11:50
10:25,10:38,10:58,11:50
10:26,10:38,10:58,11:50
10:27,10:38,10:58,11:50
10:28,10:38,10:58,11:50
10:29,10:38,10:58,11:50
10:30,10:38,10:58,11:50
10:31,10:38,10:58,11:50
10:32,10:38,10:58,11:50
10:33,10:38,10:58,11:50
10:34,10:38,10:58,11:50
10:35,10:38,10:58,11:50
10:36,10:38,10:58,11:50
10:37,10:38,10:58,11:50
10:38,10:58,11:50,12:32
10:39,10:58,11:50,12:32
10:40,10:58,11:50,12:32
10:41,10:58,11:50,12:32
10:42,10:58,11:50,12:32
10:43,10:58,11:50,12:32
10:44,10:58,11:50,12:32
10:45,10:58,11:50,12:32
10:46,10:58,11:50,12:32
10:47,10:58,11:50,12:32
10:48,10:58,11:50,12:32
10:49,10:58,11:50,12:32
10:50,10:58,11:50,12:32
10:51,10:58,11:50,12:32
10:52,10:58,11:50,12:32
10:53,10:58,11:50,12:32
10:54,10:58,11:50,12:32
10:55,10:58,11:50,12:32
10:56,10:58,11:50,12:32
10:57,10:58,11:50,12:32
10:58,11:50,12:32,13:02
10:59,11:50,12:32,13:02
11:00,11:50,12:32,13:02
11:01,11:50,12:32,13:02
11:02,11:50,12:32,13:02
11:03,11:50,12:32,13:02
11:04,11:50,12:32,13:02
11:05,11:50,12:32,13:02
11:06,11:50,12:32,13:02
11:07,11:50,12:32,13:02
11:08,11:50,12:32,13:02
11:09,11:50,12:32,13:02
11:10,11:50,12:32,13:02
11:11,11:50,12:32,13:02
11:12,11:50,12:32,13:02
11:13,11:50,12:32,13:02
11:14,11:50,12:32,13:02
11:15,11:50,12:32,13:02
11:16,11:50,12:32,13:02
11:17,11:50,12:32,13:02
11:18,11:50,12:32,13:02
11:19,11:50,12:32,13:02
11:20,11:50,12:32,13:02
11:21,11:50,12:32,13:02
11:22,11:50,12:32,13:02
11:23,11:50,12:32,13:02
11:24,11:50,12:32,13:02
11:25,11:50,12:32,13:02
11:26,11:50,12:32,13:02
11:27,11:50,12:32,13:02
11:28,11:50,12:32,13:02
11:29,11:50,12:32,13:02
11:30,11:50,12:32,13:02
11:31,11:50,12:32,13:02
11:32,11:50,12:32,13:02
11:33,11:50,12:32,13:02
11:34,11:50,12:32,13:02
11:35,11:50,12:32,13:02
11:36,11:50,12:32,13:02
11:37,11:50,12:32,13:02
11:38,11:50,12:32,13:02
11:39,11:50,12:32,13:02
11:40,11:50,12:32,13:02
11:41,11:50,12:32,13:02
11:42,11:50,12:32,13:02
11:43,11:50,12:32,13:02
11:44,11:50,12:32,13:02
11:45,11:50,12:32,13:02
11:46,11:50,12:32,13:02
11:47,11:50,12:32,13:02
11:48,11:50,12:32,13:02
11:49,11:50,12:32,13:02
11:50,12:32,13:02,13:18
11:51,12:32,13:02,13:18
11:52,12:32,13:02,13:18
11:53,12:32,13:02,13:18
11:54,12:32,13:02,13:18
11:55,12:32,13:02,13:18
11:56,12:32,13:02,13:18
11:57,12:32,13:02,13:18
11:58,12:32,13:02,13:18
11:59,12:32,13:02,13:18
12:00,12:32,13:02,13:18
12:01,12:32,13:02,13:18
12:02,12:32,13:02,13:18
12:03,12:32,13:02,13:18
12:04,12:32,13:02,13:18
12:05,12:32,13:02,13:18
12:06,12:32,13:02,13:18
12:07,12:32,13:02,13:18
12:08,12:32,13:02,13:18
12:09,12:32,13:02,13:18
12:10,12:32,13:02,13:18
12:11,12:32,13:02,13:18
12:12,12:32,13:02,13:18
12:13,12:32,13:02,13:18
12:14,12:32,13:02,13:18
12:15,12:32,13:02,13:18
12:16,12:32,13:02,13:18
12:17,12:32,13:02,13:18
12:18,12:32,13:02,13:18
12:19,12:32,13:02,13:18
12:20,12:32,13:02,13:18
12:21,12:32,13:02,13:18
12:22,12:32,13:02,13:18
12:23,12:32,13:02,13:18
12:24,12:32,13:02,13:18
12:25,12:32,13:02,13:18
12:26,12:32,13:02,13:18
12:27,12:32,13:02,13:18
12:28,12:32,13:02,13:18
12:29,12:32,13:02,13:18
12:30,12:32,13:02,13:18
12:31,12:32,13:02,13:18
12:32,13:02,13:18,14:18
12:33,13:02,13:18,14:18
12:34,13:02,13:18,14:18
12:35,13:02,13:18,14:18
12:36,13:02,13:18,14:18
12:37,13:02,13:18,14:18
12:38,13:02,13:18,14:18
12:39,13:02,13:18,14:18
12:40,13:02,13:18,14:18
12:41,13:02,13:18,14:18
12:42,13:02,13:18,14:18
12:43,13:02,13:18,14:18
12:44,13:02,13:18,14:18
12:45,13:02,13:18,14:18
12:46,13:02,13:18,14:18
12:47,13:02,13:18,14:18
12:48,13:02,13:18,14:18
12:49,13:02,13:18,14:18
12:50,13:02,13:18,14:18
12:51,13:02,13:18,14:18
12:52,13:02,13:18,14:18
12:53,13:02,13:18,14:18
12:54,13:02,13:18,14:18
12:55,13:02,13:18,14:18
12:56,13:02,13:18,14:18
12:57,13:02,13:18,14:18
12:58,13:02,13:18,14:18
12:59,13:02,13:18,14:18
13:00,13:02,13:18,14:18
13:01,13:02,13:18,14:18
13:02,13:18,14:18,14:48
13:03,13:18,14:18,14:48
13:04,13:18,14:18,14:48
13:05,13:18,14:18,14:48
13:06,13:18,14:18,14:48
13:07,13:18,14:18,14:48
13:08,13:18,14:18,14:48
13:09,13:18,14:18,14:48
13:10,13:18,14:18,14:48
13:11,13:18,14:18,14:48
13:12,13:18,14:18,14:48
13:13,13:18,14:18,14:48
13:14,13:18,14:18,14:48
13:15,13:18,14:18,14:48
13:16,13:18,14:18,14:48
13:17,13:18,14:18,14:48
13:18,14:18,14:48,15:48
13:19,14:18,14:48,15:48
13:20,14:18,14:48,15:48
13:21,14:18,14:48,15:48
13:22,14:18,14:48,15:48
13:23,14:18,14:48,15:48
13:24,14:18,14:48,15:48
13:25,14:18,14:48,15:48
13:26,14:18,14:48,15:48
13:27,14:18,14:48,15:48
13:28,14:18,14:48,15:48
13:29,14:18,14:48,15:48
13:30,14:18,14:48,15:48
13:31,14:18,14:48,15:48
13:32,14:18,14:48,15:48
13:33,14:18,14:48,15:48
13:34,14:18,14:48,15:48
13:35,14:18,14:48,15:48
13:36,14:18,14:48,15:48
13:37,14:18,14:48,15:48
13:38,14:18,14:48,15:48
13:39,14:18,14:48,15:48
13:40,14:18,14:48,15:48
13:41,14:18,14:48,15:48
13:42,14:18,14:48,15:48
13:43,14:18,14:48,15:48
13:44,14:18,14:48,15:48
13:45,14:18,14:48,15:48
13:46,14:18,14:48,15:48
13:47,14:18,14:48,15:48
13:48,14:18,14:48,15:48
13:49,14:18,14:48,15:48
13:50,14:18,14:48,15:48
13:51,14:18,14:48,15:48
13:52,14:18,14:48,15:48
13:53,14:18,14:48,15:48
13:54,14:18,14:48,15:48
13:55,14:18,14:48,15:48
13:56,14:18,14:48,15:48
13:57,14:18,14:48,15:48
13:58,14:18,14:48,15:48
13:59,14:18,14:48,15:48
14:00,14:18,14:48,15:48
14:01,14:18,14:48,15:48
14:02,14:18,14:48,15:48
14:03,14:18,14:48,15:48
14:04,14:18,14:48,15:48
14:05,14:18,14:48,15:48
14:06,14:18,14:48,15:48
14:07,14:18,14:48,15:48
14:08,14:18,14:48,15:48
14:09,14:18,14:48,15:48
14:10,14:18,14:48,15:48
14:11,14:18,14:48,15:48
14:12,14:18,14:48,15:48
14:13,14:18,14:48,15:48
14:14,14:48,15:48,16:02
14:15,14:48,15:48,16:02
14:16,14:48,15:48,16:02
14:17,14:48,15:48,16:02
14:18,14:48,15:48,16:02
14:19,14:48,15:48,16:02
14:20,14:48,15:48,16:02
14:21,14:48,15:48,16:02
14:22,14:48,15:48,16:02
14:23,14:48,15:48,16:02
14:24,14:48,15:48,16:02
14:25,14:48,15:48,16:02
14:26,14:48,15:48,16:02
14:27,14:48,15:48,16:02
14:28,14:48,15:48,16:02
14:29,14:48,15:48,16:02
14:30,14:48,15:48,16:02
14:31,14:48,15:48,16:02
14:32,14:48,15:48,16:02
14:33,14:48,15:48,16:02
14:34,14:48,15:48,16:02
14:35,14:48,15:48,16:02
14:36,14:48,15:48,16:02
14:37,14:48,15:48,16:02
14:38,14:48,15:48,16:02
14:39,14:48,15:48,16:02
14:40,14:48,15:48,16:02
14:41,14:48,15:48,16:02
14:42,14:48,15:48,16:02
14:43,14:48,15:48,16:02
14:44,14:48,15:48,16:02
14:45,14:48,15:48,16:02
14:46,14:48,15:48,16:02
14:47,14:48,15:48,16:02
14:48,15:48,16:02,16:50
14:49,15:48,16:02,16:50
14:50,15:48,16:02,16:50
14:51,15:48,16:02,16:50
14:52,15:48,16:02,16:50
14:53,15:48,16:02,16:50
14:54,15:48,16:02,16:50
14:55,15:48,16:02,16:50
14:56,15:48,16:02,16:50
14:57,15:48,16:02,16:50
14:58,15:48,16:02,16:50
14:59,15:48,16:02,16:50
15:00,15:48,16:02,16:50
15:01,15:48,16:02,16:50
15:02,15:48,16:02,16:50
15:03,15:48,16:02,16:50
15:04,15:48,16:02,16:50
15:05,15:48,16:02,16:50
15:06,15:48,16:02,16:50
15:07,15:48,16:02,16:50
15:08,15:48,16:02,16:50
15:09,15:48,16:02,16:50
15:10,15:48,16:02,16:50
15:11,15:48,16:02,16:50
15:12,15:48,16:02,16:50
15:13,15:48,16:02,16:50
15:14,15:48,16:02,16:50
15:15,15:48,16:02,16:50
15:16,15:48,16:02,16:50
15:17,15:48,16:02,16:50
15:18,15:48,16:02,16:50
15:19,15:48,16:02,16:50
15:20,15:48,16:02,16:50
15:21,15:48,16:02,16:50
15:22,15:48,16:02,16:50
15:23,15:48,16:02,16:50
15:24,15:48,16:02,16:50
15:25,15:48,16:02,16:50
15:26,15:48,16:02,16:50
15:27,15:48,16:02,16:50
15:28,15:48,16:02,16:50
15:29,15:48,16:02,16:50
15:30,15:48,16:02,16:50
15:31,15:48,16:02,16:50
15:32,15:48,16:02,16:50
15:33,15:48,16:02,16:50
15:34,15:48,16:02,16:50
15:35,15:48,16:02,16:50
15:36,15:48,16:02,16:50
15:37,15:48,16:02,16:50
15:38,15:48,16:02,16:50
15:39,15:48,16:02,16:50
15:40,15:48,16:02,16:50
15:41,15:48,16:02,16:50
15:42,15:48,16:02,16:50
15:43,15:48,16:02,16:50
15:44,15:48,16:02,16:50
15:45,15:48,16:02,16:50
15:46,15:48,16:02,16:50
15:47,15:48,16:02,16:50
15:48,16:02,16:50,17:06
15:49,16:02,16:50,17:06
15:50,16:02,16:50,17:06
15:51,16:02,16:50,17:06
15:52,16:02,16:50,17:06
15:53,16:02,16:50,17:06
15:54,16:02,16:50,17:06
15:55,16:02,16:50,17:06
15:56,16:02,16:50,17:06
15:57,16:02,16:50,17:06
15:58,16:02,16:50,17:06
15:59,16:02,16:50,17:06
16:00,16:02,16:50,17:06
16:01,16:02,16:50,17:06
16:02,16:50,17:06,18:04
16:03,16:50,17:06,18:04
16:04,16:50,17:06,18:04
16:05,16:50,17:06,18:04
16:06,16:50,17:06,18:04
16:07,16:50,17:06,18:04
16:08,16:50,17:06,18:04
16:09,16:50,17:06,18:04
16:10,16:50,17:06,18:04
16:11,16:50,17:06,18:04
16:12,16:50,17:06,18:04
16:13,16:50,17:06,18:04
16:14,16:50,17:06,18:04
16:15,16:50,17:06,18:04
16:16,16:50,17:06,18:04
16:17,16:50,17:06,18:04
16:18,16:50,17:06,18:04
16:19,16:50,17:06,18:04
16:20,16:50,17:06,18:04
16:21,16:50,17:06,18:04
16:22,16:50,17:06,18:04
16:23,16:50,17:06,18:04
16:24,16:50,17:06,18:04
16:25,16:50,17:06,18:04
16:26,16:50,17:06,18:04
16:27,16:50,17:06,18:04
16:28,16:50,17:06,18:04
16:29,16:50,17:06,18:04
16:30,16:50,17:06,18:04
16:31,16:50,17:06,18:04
16:32,16:50,17:06,18:04
16:33,16:50,17:06,18:04
16:34,16:50,17:06,18:04
16:35,16:50,17:06,18:04
16:36,16:50,17:06,18:04
16:37,16:50,17:06,18:04
16:38,16:50,17:06,18:04
16:39,16:50,17:06,18:04
16:40,16:50,17:06,18:04
16:41,16:50,17:06,18:04
16:42,16:50,17:06,18:04
16:43,16:50,17:06,18:04
16:44,16:50,17:06,18:04
16:45,16:50,17:06,18:04
16:46,16:50,17:06,18:04
16:47,16:50,17:06,18:04
16:48,16:50,17:06,18:04
16:49,16:50,17:06,18:04
16:50,17:06,18:04,これ以降の運行時刻はありません。
16:51,17:06,18:04,これ以降の運行時刻はありません。
16:52,17:06,18:04,これ以降の運行時刻はありません。
16:53,17:06,18:04,これ以降の運行時刻はありません。
16:54,17:06,18:04,これ以降の運行時刻はありません。
16:55,17:06,18:04,これ以降の運行時刻はありません。
16:56,17:06,18:04,これ以降の運行時刻はありません。
16:57,17:06,18:04,これ以降の運行時刻はありません。
16:58,17:06,18:04,これ以降の運行時刻はありません。
16:59,17:06,18:04,これ以降の運行時刻はありません。
17:00,17:06,18:04,これ以降の運行時刻はありません。
17:01,17:06,18:04,これ以降の運行時刻はありません。
17:02,17:06,18:04,これ以降の運行時刻はありません。
17:03,17:06,18:04,これ以降の運行時刻はありません。
17:04,17:06,18:04,これ以降の運行時刻はありません。
17:05,17:06,18:04,これ以降の運行時刻はありません。
17:06,18:04,これ以降の運行時刻はありません。,
17:07,18:04,これ以降の運行時刻はありません。,
17:08,18:04,これ以降の運行時刻はありません。,
17:09,18:04,これ以降の運行時刻はありません。,
17:10,18:04,これ以降の運行時刻はありません。,
17:11,18:04,これ以降の運行時刻はありません。,
17:12,18:04,これ以降の運行時刻はありません。,
17:13,18:04,これ以降の運行時刻はありません。,
17:14,18:04,これ以降の運行時刻はありません。,
17:15,18:04,これ以降の運行時刻はありません。,
17:16,18:04,これ以降の運行時刻はありません。,
17:17,18:04,これ以降の運行時刻はありません。,
17:18,18:04,これ以降の運行時刻はありません。,
17:19,18:04,これ以降の運行時刻はありません。,
17:20,18:04,これ以降の運行時刻はありません。,
17:21,18:04,これ以降の運行時刻はありません。,
17:22,18:04,これ以降の運行時刻はありません。,
17:23,18:04,これ以降の運行時刻はありません。,
17:24,18:04,これ以降の運行時刻はありません。,
17:25,18:04,これ以降の運行時刻はありません。,
17:26,18:04,これ以降の運行時刻はありません。,
17:27,18:04,これ以降の運行時刻はありません。,
17:28,18:04,これ以降の運行時刻はありません。,
17:29,18:04,これ以降の運行時刻はありません。,
17:30,18:04,これ以降の運行時刻はありません。,
17:31,18:04,これ以降の運行時刻はありません。,
17:32,18:04,これ以降の運行時刻はありません。,
17:33,18:04,これ以降の運行時刻はありません。,
17:34,18:04,これ以降の運行時刻はありません。,
17:35,18:04,これ以降の運行時刻はありません。,
17:36,18:04,これ以降の運行時刻はありません。,
17:37,18:04,これ以降の運行時刻はありません。,
17:38,18:04,これ以降の運行時刻はありません。,
17:39,18:04,これ以降の運行時刻はありません。,
17:40,18:04,これ以降の運行時刻はありません。,
17:41,18:04,これ以降の運行時刻はありません。,
17:42,18:04,これ以降の運行時刻はありません。,
17:43,18:04,これ以降の運行時刻はありません。,
17:44,18:04,これ以降の運行時刻はありません。,
17:45,18:04,これ以降の運行時刻はありません。,
17:46,18:04,これ以降の運行時刻はありません。,
17:47,18:04,これ以降の運行時刻はありません。,
17:48,18:04,これ以降の運行時刻はありません。,
17:49,18:04,これ以降の運行時刻はありません。,
17:50,18:04,これ以降の運行時刻はありません。,
17:51,18:04,これ以降の運行時刻はありません。,
17:52,18:04,これ以降の運行時刻はありません。,
17:53,18:04,これ以降の運行時刻はありません。,
17:54,18:04,これ以降の運行時刻はありません。,
17:55,18:04,これ以降の運行時刻はありません。,
17:56,18:04,これ以降の運行時刻はありません。,
17:57,18:04,これ以降の運行時刻はありません。,
17:58,18:04,これ以降の運行時刻はありません。,
17:59,18:04,これ以降の運行時刻はありません。,
18:00,18:04,これ以降の運行時刻はありません。,
18:01,18:04,これ以降の運行時刻はありません。,
18:02,18:04,これ以降の運行時刻はありません。,
18:03,18:04,これ以降の運行時刻はありません。,
18:04,18:04,これ以降の運行時刻はありません。,
18:05,本日の運行は終了しました。,　　,
18:06,本日の運行は終了しました。,　　,
18:07,本日の運行は終了しました。,　　,
18:08,本日の運行は終了しました。,　　,
18:09,本日の運行は終了しました。,　　,
18:10,本日の運行は終了しました。,　　,
18:11,本日の運行は終了しました。,　　,
18:12,本日の運行は終了しました。,　　,
18:13,本日の運行は終了しました。,　　,
18:14,本日の運行は終了しました。,　　,
18:15,本日の運行は終了しました。,　　,
18:16,本日の運行は終了しました。,　　,
18:17,本日の運行は終了しました。,　　,
18:18,本日の運行は終了しました。,　　,
18:19,本日の運行は終了しました。,　　,
18:20,本日の運行は終了しました。,　　,
18:21,本日の運行は終了しました。,　　,
18:22,本日の運行は終了しました。,　　,
18:23,本日の運行は終了しました。,　　,
18:24,本日の運行は終了しました。,　　,
18:25,本日の運行は終了しました。,　　,
18:26,本日の運行は終了しました。,　　,
18:27,本日の運行は終了しました。,　　,
18:28,本日の運行は終了しました。,　　,
18:29,本日の運行は終了しました。,　　,
18:30,本日の運行は終了しました。,　　,
18:31,本日の運行は終了しました。,　　,
18:32,本日の運行は終了しました。,　　,
18:33,本日の運行は終了しました。,　　,
18:34,本日の運行は終了しました。,　　,
18:35,本日の運行は終了しました。,　　,
18:36,本日の運行は終了しました。,　　,
18:37,本日の運行は終了しました。,　　,
18:38,本日の運行は終了しました。,　　,
18:39,本日の運行は終了しました。,　　,
18:40,本日の運行は終了しました。,　　,
18:41,本日の運行は終了しました。,　　,
18:42,本日の運行は終了しました。,　　,
18:43,本日の運行は終了しました。,　　,
18:44,本日の運行は終了しました。,　　,
18:45,本日の運行は終了しました。,　　,
18:46,本日の運行は終了しました。,　　,
18:47,本日の運行は終了しました。,　　,
18:48,本日の運行は終了しました。,　　,
18:49,本日の運行は終了しました。,　　,
18:50,本日の運行は終了しました。,　　,
18:51,本日の運行は終了しました。,　　,
18:52,本日の運行は終了しました。,　　,
18:53,本日の運行は終了しました。,　　,
18:54,本日の運行は終了しました。,　　,
18:55,本日の運行は終了しました。,　　,
18:56,本日の運行は終了しました。,　　,
18:57,本日の運行は終了しました。,　　,
18:58,本日の運行は終了しました。,　　,
18:59,本日の運行は終了しました。,　　,
19:00,本日の運行は終了しました。,　　,
19:01,本日の運行は終了しました。,　　,
19:02,本日の運行は終了しました。,　　,
19:03,本日の運行は終了しました。,　　,
19:04,本日の運行は終了しました。,　　,
19:05,本日の運行は終了しました。,　　,
19:06,本日の運行は終了しました。,　　,
19:07,本日の運行は終了しました。,　　,
19:08,本日の運行は終了しました。,　　,
19:09,本日の運行は終了しました。,　　,
19:10,本日の運行は終了しました。,　　,
19:11,本日の運行は終了しました。,　　,
19:12,本日の運行は終了しました。,　　,
19:13,本日の運行は終了しました。,　　,
19:14,本日の運行は終了しました。,　　,
19:15,本日の運行は終了しました。,　　,
19:16,本日の運行は終了しました。,　　,
19:17,本日の運行は終了しました。,　　,
19:18,本日の運行は終了しました。,　　,
19:19,本日の運行は終了しました。,　　,
19:20,本日の運行は終了しました。,　　,
19:21,本日の運行は終了しました。,　　,
19:22,本日の運行は終了しました。,　　,
19:23,本日の運行は終了しました。,　　,
19:24,本日の運行は終了しました。,　　,
19:25,本日の運行は終了しました。,　　,
19:26,本日の運行は終了しました。,　　,
19:27,本日の運行は終了しました。,　　,
19:28,本日の運行は終了しました。,　　,
19:29,本日の運行は終了しました。,　　,
19:30,本日の運行は終了しました。,　　,
19:31,本日の運行は終了しました。,　　,
19:32,本日の運行は終了しました。,　　,
19:33,本日の運行は終了しました。,　　,
19:34,本日の運行は終了しました。,　　,
19:35,本日の運行は終了しました。,　　,
19:36,本日の運行は終了しました。,　　,
19:37,本日の運行は終了しました。,　　,
19:38,本日の運行は終了しました。,　　,
19:39,本日の運行は終了しました。,　　,
19:40,本日の運行は終了しました。,　　,
19:41,本日の運行は終了しました。,　　,
19:42,本日の運行は終了しました。,　　,
19:43,本日の運行は終了しました。,　　,
19:44,本日の運行は終了しました。,　　,
19:45,本日の運行は終了しました。,　　,
19:46,本日の運行は終了しました。,　　,
19:47,本日の運行は終了しました。,　　,
19:48,本日の運行は終了しました。,　　,
19:49,本日の運行は終了しました。,　　,
19:50,本日の運行は終了しました。,　　,
19:51,本日の運行は終了しました。,　　,
19:52,本日の運行は終了しました。,　　,
19:53,本日の運行は終了しました。,　　,
19:54,本日の運行は終了しました。,　　,
19:55,本日の運行は終了しました。,　　,
19:56,本日の運行は終了しました。,　　,
19:57,本日の運行は終了しました。,　　,
19:58,本日の運行は終了しました。,　　,
19:59,本日の運行は終了しました。,　　,
20:00,本日の運行は終了しました。,　　,
20:01,本日の運行は終了しました。,　　,
20:02,本日の運行は終了しました。,　　,
20:03,本日の運行は終了しました。,　　,
20:04,本日の運行は終了しました。,　　,
20:05,本日の運行は終了しました。,　　,
20:06,本日の運行は終了しました。,　　,
20:07,本日の運行は終了しました。,　　,
20:08,本日の運行は終了しました。,　　,
20:09,本日の運行は終了しました。,　　,
20:10,本日の運行は終了しました。,　　,
20:11,本日の運行は終了しました。,　　,
20:12,本日の運行は終了しました。,　　,
20:13,本日の運行は終了しました。,　　,
20:14,本日の運行は終了しました。,　　,
20:15,本日の運行は終了しました。,　　,
20:16,本日の運行は終了しました。,　　,
20:17,本日の運行は終了しました。,　　,
20:18,本日の運行は終了しました。,　　,
20:19,本日の運行は終了しました。,　　,
20:20,本日の運行は終了しました。,　　,
20:21,本日の運行は終了しました。,　　,
20:22,本日の運行は終了しました。,　　,
20:23,本日の運行は終了しました。,　　,
20:24,本日の運行は終了しました。,　　,
20:25,本日の運行は終了しました。,　　,
20:26,本日の運行は終了しました。,　　,
20:27,本日の運行は終了しました。,　　,
20:28,本日の運行は終了しました。,　　,
20:29,本日の運行は終了しました。,　　,
20:30,本日の運行は終了しました。,　　,
20:31,本日の運行は終了しました。,　　,
20:32,本日の運行は終了しました。,　　,
20:33,本日の運行は終了しました。,　　,
20:34,本日の運行は終了しました。,　　,
20:35,本日の運行は終了しました。,　　,
20:36,本日の運行は終了しました。,　　,
20:37,本日の運行は終了しました。,　　,
20:38,本日の運行は終了しました。,　　,
20:39,本日の運行は終了しました。,　　,
20:40,本日の運行は終了しました。,　　,
20:41,本日の運行は終了しました。,　　,
20:42,本日の運行は終了しました。,　　,
20:43,本日の運行は終了しました。,　　,
20:44,本日の運行は終了しました。,　　,
20:45,本日の運行は終了しました。,　　,
20:46,本日の運行は終了しました。,　　,
20:47,本日の運行は終了しました。,　　,
20:48,本日の運行は終了しました。,　　,
20:49,本日の運行は終了しました。,　　,
20:50,本日の運行は終了しました。,　　,
20:51,本日の運行は終了しました。,　　,
20:52,本日の運行は終了しました。,　　,
20:53,本日の運行は終了しました。,　　,
20:54,本日の運行は終了しました。,　　,
20:55,本日の運行は終了しました。,　　,
20:56,本日の運行は終了しました。,　　,
20:57,本日の運行は終了しました。,　　,
20:58,本日の運行は終了しました。,　　,
20:59,本日の運行は終了しました。,　　,
21:00,本日の運行は終了しました。,　　,
21:01,本日の運行は終了しました。,　　,
21:02,本日の運行は終了しました。,　　,
21:03,本日の運行は終了しました。,　　,
21:04,本日の運行は終了しました。,　　,
21:05,本日の運行は終了しました。,　　,
21:06,本日の運行は終了しました。,　　,
21:07,本日の運行は終了しました。,　　,
21:08,本日の運行は終了しました。,　　,
21:09,本日の運行は終了しました。,　　,
21:10,本日の運行は終了しました。,　　,
21:11,本日の運行は終了しました。,　　,
21:12,本日の運行は終了しました。,　　,
21:13,本日の運行は終了しました。,　　,
21:14,本日の運行は終了しました。,　　,
21:15,本日の運行は終了しました。,　　,
21:16,本日の運行は終了しました。,　　,
21:17,本日の運行は終了しました。,　　,
21:18,本日の運行は終了しました。,　　,
21:19,本日の運行は終了しました。,　　,
21:20,本日の運行は終了しました。,　　,
21:21,本日の運行は終了しました。,　　,
21:22,本日の運行は終了しました。,　　,
21:23,本日の運行は終了しました。,　　,
21:24,本日の運行は終了しました。,　　,
21:25,本日の運行は終了しました。,　　,
21:26,本日の運行は終了しました。,　　,
21:27,本日の運行は終了しました。,　　,
21:28,本日の運行は終了しました。,　　,
21:29,本日の運行は終了しました。,　　,
21:30,本日の運行は終了しました。,　　,
21:31,本日の運行は終了しました。,　　,
21:32,本日の運行は終了しました。,　　,
21:33,本日の運行は終了しました。,　　,
21:34,本日の運行は終了しました。,　　,
21:35,本日の運行は終了しました。,　　,
21:36,本日の運行は終了しました。,　　,
21:37,本日の運行は終了しました。,　　,
21:38,本日の運行は終了しました。,　　,
21:39,本日の運行は終了しました。,　　,
21:40,本日の運行は終了しました。,　　,
21:41,本日の運行は終了しました。,　　,
21:42,本日の運行は終了しました。,　　,
21:43,本日の運行は終了しました。,　　,
21:44,本日の運行は終了しました。,　　,
21:45,本日の運行は終了しました。,　　,
21:46,本日の運行は終了しました。,　　,
21:47,本日の運行は終了しました。,　　,
21:48,本日の運行は終了しました。,　　,
21:49,本日の運行は終了しました。,　　,
21:50,本日の運行は終了しました。,　　,
21:51,本日の運行は終了しました。,　　,
21:52,本日の運行は終了しました。,　　,
21:53,本日の運行は終了しました。,　　,
21:54,本日の運行は終了しました。,　　,
21:55,本日の運行は終了しました。,　　,
21:56,本日の運行は終了しました。,　　,
21:57,本日の運行は終了しました。,　　,
21:58,本日の運行は終了しました。,　　,
21:59,本日の運行は終了しました。,　　,
22:00,本日の運行は終了しました。,　　,
22:01,本日の運行は終了しました。,　　,
22:02,本日の運行は終了しました。,　　,
22:03,本日の運行は終了しました。,　　,
22:04,本日の運行は終了しました。,　　,
22:05,本日の運行は終了しました。,　　,
22:06,本日の運行は終了しました。,　　,
22:07,本日の運行は終了しました。,　　,
22:08,本日の運行は終了しました。,　　,
22:09,本日の運行は終了しました。,　　,
22:10,本日の運行は終了しました。,　　,
22:11,本日の運行は終了しました。,　　,
22:12,本日の運行は終了しました。,　　,
22:13,本日の運行は終了しました。,　　,
22:14,本日の運行は終了しました。,　　,
22:15,本日の運行は終了しました。,　　,
22:16,本日の運行は終了しました。,　　,
22:17,本日の運行は終了しました。,　　,
22:18,本日の運行は終了しました。,　　,
22:19,本日の運行は終了しました。,　　,
22:20,本日の運行は終了しました。,　　,
22:21,本日の運行は終了しました。,　　,
22:22,本日の運行は終了しました。,　　,
22:23,本日の運行は終了しました。,　　,
22:24,本日の運行は終了しました。,　　,
22:25,本日の運行は終了しました。,　　,
22:26,本日の運行は終了しました。,　　,
22:27,本日の運行は終了しました。,　　,
22:28,本日の運行は終了しました。,　　,
22:29,本日の運行は終了しました。,　　,
22:30,本日の運行は終了しました。,　　,
22:31,本日の運行は終了しました。,　　,
22:32,本日の運行は終了しました。,　　,
22:33,本日の運行は終了しました。,　　,
22:34,本日の運行は終了しました。,　　,
22:35,本日の運行は終了しました。,　　,
22:36,本日の運行は終了しました。,　　,
22:37,本日の運行は終了しました。,　　,
22:38,本日の運行は終了しました。,　　,
22:39,本日の運行は終了しました。,　　,
22:40,本日の運行は終了しました。,　　,
22:41,本日の運行は終了しました。,　　,
22:42,本日の運行は終了しました。,　　,
22:43,本日の運行は終了しました。,　　,
22:44,本日の運行は終了しました。,　　,
22:45,本日の運行は終了しました。,　　,
22:46,本日の運行は終了しました。,　　,
22:47,本日の運行は終了しました。,　　,
22:48,本日の運行は終了しました。,　　,
22:49,本日の運行は終了しました。,　　,
22:50,本日の運行は終了しました。,　　,
22:51,本日の運行は終了しました。,　　,
22:52,本日の運行は終了しました。,　　,
22:53,本日の運行は終了しました。,　　,
22:54,本日の運行は終了しました。,　　,
22:55,本日の運行は終了しました。,　　,
22:56,本日の運行は終了しました。,　　,
22:57,本日の運行は終了しました。,　　,
22:58,本日の運行は終了しました。,　　,
22:59,本日の運行は終了しました。,　　,
23:00,本日の運行は終了しました。,　　,
23:01,本日の運行は終了しました。,　　,
23:02,本日の運行は終了しました。,　　,
23:03,本日の運行は終了しました。,　　,
23:04,本日の運行は終了しました。,　　,
23:05,本日の運行は終了しました。,　　,
23:06,本日の運行は終了しました。,　　,
23:07,本日の運行は終了しました。,　　,
23:08,本日の運行は終了しました。,　　,
23:09,本日の運行は終了しました。,　　,
23:10,本日の運行は終了しました。,　　,
23:11,本日の運行は終了しました。,　　,
23:12,本日の運行は終了しました。,　　,
23:13,本日の運行は終了しました。,　　,
23:14,本日の運行は終了しました。,　　,
23:15,本日の運行は終了しました。,　　,
23:16,本日の運行は終了しました。,　　,
23:17,本日の運行は終了しました。,　　,
23:18,本日の運行は終了しました。,　　,
23:19,本日の運行は終了しました。,　　,
23:20,本日の運行は終了しました。,　　,
23:21,本日の運行は終了しました。,　　,
23:22,本日の運行は終了しました。,　　,
23:23,本日の運行は終了しました。,　　,
23:24,本日の運行は終了しました。,　　,
23:25,本日の運行は終了しました。,　　,
23:26,本日の運行は終了しました。,　　,
23:27,本日の運行は終了しました。,　　,
23:28,本日の運行は終了しました。,　　,
23:29,本日の運行は終了しました。,　　,
23:30,本日の運行は終了しました。,　　,
23:31,本日の運行は終了しました。,　　,
23:32,本日の運行は終了しました。,　　,
23:33,本日の運行は終了しました。,　　,
23:34,本日の運行は終了しました。,　　,
23:35,本日の運行は終了しました。,　　,
23:36,本日の運行は終了しました。,　　,
23:37,本日の運行は終了しました。,　　,
23:38,本日の運行は終了しました。,　　,
23:39,本日の運行は終了しました。,　　,
23:40,本日の運行は終了しました。,　　,
23:41,本日の運行は終了しました。,　　,
23:42,本日の運行は終了しました。,　　,
23:43,本日の運行は終了しました。,　　,
23:44,本日の運行は終了しました。,　　,
23:45,本日の運行は終了しました。,　　,
23:46,本日の運行は終了しました。,　　,
23:47,本日の運行は終了しました。,　　,
23:48,本日の運行は終了しました。,　　,
23:49,本日の運行は終了しました。,　　,
23:50,本日の運行は終了しました。,　　,
23:51,本日の運行は終了しました。,　　,
23:52,本日の運行は終了しました。,　　,
23:53,本日の運行は終了しました。,　　,
23:54,本日の運行は終了しました。,　　,
23:55,本日の運行は終了しました。,　　,
23:56,本日の運行は終了しました。,　　,
23:57,本日の運行は終了しました。,　　,
23:58,本日の運行は終了しました。,　　,
23:59,本日の運行は終了しました。,　　,
0:00,8:23,8:48,9:04
0:01,8:23,8:48,9:04
0:02,8:23,8:48,9:04
0:03,8:23,8:48,9:04
0:04,8:23,8:48,9:04
0:05,8:23,8:48,9:04
0:06,8:23,8:48,9:04
0:07,8:23,8:48,9:04
0:08,8:23,8:48,9:04
0:09,8:23,8:48,9:04
0:10,8:23,8:48,9:04
0:11,8:23,8:48,9:04
0:12,8:23,8:48,9:04
0:13,8:23,8:48,9:04
0:14,8:23,8:48,9:04
0:15,8:23,8:48,9:04
0:16,8:23,8:48,9:04
0:17,8:23,8:48,9:04
0:18,8:23,8:48,9:04
0:19,8:23,8:48,9:04
0:20,8:23,8:48,9:04
0:21,8:23,8:48,9:04
0:22,8:23,8:48,9:04
0:23,8:23,8:48,9:04
0:24,8:23,8:48,9:04
0:25,8:23,8:48,9:04
0:26,8:23,8:48,9:04
0:27,8:23,8:48,9:04
0:28,8:23,8:48,9:04
0:29,8:23,8:48,9:04
0:30,8:23,8:48,9:04
0:31,8:23,8:48,9:04
0:32,8:23,8:48,9:04
0:33,8:23,8:48,9:04
0:34,8:23,8:48,9:04
0:35,8:23,8:48,9:04
0:36,8:23,8:48,9:04
0:37,8:23,8:48,9:04
0:38,8:23,8:48,9:04
0:39,8:23,8:48,9:04
0:40,8:23,8:48,9:04
0:41,8:23,8:48,9:04
0:42,8:23,8:48,9:04
0:43,8:23,8:48,9:04
0:44,8:23,8:48,9:04
0:45,8:23,8:48,9:04
0:46,8:23,8:48,9:04
0:47,8:23,8:48,9:04
0:48,8:23,8:48,9:04
0:49,8:23,8:48,9:04
0:50,8:23,8:48,9:04
0:51,8:23,8:48,9:04
0:52,8:23,8:48,9:04
0:53,8:23,8:48,9:04
0:54,8:23,8:48,9:04
0:55,8:23,8:48,9:04
0:56,8:23,8:48,9:04
0:57,8:23,8:48,9:04
0:58,8:23,8:48,9:04
0:59,8:23,8:48,9:04
1:00,8:23,8:48,9:04
1:01,8:23,8:48,9:04
1:02,8:23,8:48,9:04
1:03,8:23,8:48,9:04
1:04,8:23,8:48,9:04
1:05,8:23,8:48,9:04
1:06,8:23,8:48,9:04
1:07,8:23,8:48,9:04
1:08,8:23,8:48,9:04
1:09,8:23,8:48,9:04
1:10,8:23,8:48,9:04
1:11,8:23,8:48,9:04
1:12,8:23,8:48,9:04
1:13,8:23,8:48,9:04
1:14,8:23,8:48,9:04
1:15,8:23,8:48,9:04
1:16,8:23,8:48,9:04
1:17,8:23,8:48,9:04
1:18,8:23,8:48,9:04
1:19,8:23,8:48,9:04
1:20,8:23,8:48,9:04
1:21,8:23,8:48,9:04
1:22,8:23,8:48,9:04
1:23,8:23,8:48,9:04
1:24,8:23,8:48,9:04
1:25,8:23,8:48,9:04
1:26,8:23,8:48,9:04
1:27,8:23,8:48,9:04
1:28,8:23,8:48,9:04
1:29,8:23,8:48,9:04
1:30,8:23,8:48,9:04
1:31,8:23,8:48,9:04
1:32,8:23,8:48,9:04
1:33,8:23,8:48,9:04
1:34,8:23,8:48,9:04
1:35,8:23,8:48,9:04
1:36,8:23,8:48,9:04
1:37,8:23,8:48,9:04
1:38,8:23,8:48,9:04
1:39,8:23,8:48,9:04
1:40,8:23,8:48,9:04
1:41,8:23,8:48,9:04
1:42,8:23,8:48,9:04
1:43,8:23,8:48,9:04
1:44,8:23,8:48,9:04
1:45,8:23,8:48,9:04
1:46,8:23,8:48,9:04
1:47,8:23,8:48,9:04
1:48,8:23,8:48,9:04
1:49,8:23,8:48,9:04
1:50,8:23,8:48,9:04
1:51,8:23,8:48,9:04
1:52,8:23,8:48,9:04
1:53,8:23,8:48,9:04
1:54,8:23,8:48,9:04
1:55,8:23,8:48,9:04
1:56,8:23,8:48,9:04
1:57,8:23,8:48,9:04
1:58,8:23,8:48,9:04
1:59,8:23,8:48,9:04
2:00,8:23,8:48,9:04
2:01,8:23,8:48,9:04
2:02,8:23,8:48,9:04
2:03,8:23,8:48,9:04
2:04,8:23,8:48,9:04
2:05,8:23,8:48,9:04
2:06,8:23,8:48,9:04
2:07,8:23,8:48,9:04
2:08,8:23,8:48,9:04
2:09,8:23,8:48,9:04
2:10,8:23,8:48,9:04
2:11,8:23,8:48,9:04
2:12,8:23,8:48,9:04
2:13,8:23,8:48,9:04
2:14,8:23,8:48,9:04
2:15,8:23,8:48,9:04
2:16,8:23,8:48,9:04
2:17,8:23,8:48,9:04
2:18,8:23,8:48,9:04
2:19,8:23,8:48,9:04
2:20,8:23,8:48,9:04
2:21,8:23,8:48,9:04
2:22,8:23,8:48,9:04
2:23,8:23,8:48,9:04
2:24,8:23,8:48,9:04
2:25,8:23,8:48,9:04
2:26,8:23,8:48,9:04
2:27,8:23,8:48,9:04
2:28,8:23,8:48,9:04
2:29,8:23,8:48,9:04
2:30,8:23,8:48,9:04
2:31,8:23,8:48,9:04
2:32,8:23,8:48,9:04
2:33,8:23,8:48,9:04
2:34,8:23,8:48,9:04
2:35,8:23,8:48,9:04
2:36,8:23,8:48,9:04
2:37,8:23,8:48,9:04
2:38,8:23,8:48,9:04
2:39,8:23,8:48,9:04
2:40,8:23,8:48,9:04
2:41,8:23,8:48,9:04
2:42,8:23,8:48,9:04
2:43,8:23,8:48,9:04
2:44,8:23,8:48,9:04
2:45,8:23,8:48,9:04
2:46,8:23,8:48,9:04
2:47,8:23,8:48,9:04
2:48,8:23,8:48,9:04
2:49,8:23,8:48,9:04
2:50,8:23,8:48,9:04
2:51,8:23,8:48,9:04
2:52,8:23,8:48,9:04
2:53,8:23,8:48,9:04
2:54,8:23,8:48,9:04
2:55,8:23,8:48,9:04
2:56,8:23,8:48,9:04
2:57,8:23,8:48,9:04
2:58,8:23,8:48,9:04
2:59,8:23,8:48,9:04
3:00,8:23,8:48,9:04
3:01,8:23,8:48,9:04
3:02,8:23,8:48,9:04
3:03,8:23,8:48,9:04
3:04,8:23,8:48,9:04
3:05,8:23,8:48,9:04
3:06,8:23,8:48,9:04
3:07,8:23,8:48,9:04
3:08,8:23,8:48,9:04
3:09,8:23,8:48,9:04
3:10,8:23,8:48,9:04
3:11,8:23,8:48,9:04
3:12,8:23,8:48,9:04
3:13,8:23,8:48,9:04
3:14,8:23,8:48,9:04
3:15,8:23,8:48,9:04
3:16,8:23,8:48,9:04
3:17,8:23,8:48,9:04
3:18,8:23,8:48,9:04
3:19,8:23,8:48,9:04
3:20,8:23,8:48,9:04
3:21,8:23,8:48,9:04
3:22,8:23,8:48,9:04
3:23,8:23,8:48,9:04
3:24,8:23,8:48,9:04
3:25,8:23,8:48,9:04
3:26,8:23,8:48,9:04
3:27,8:23,8:48,9:04
3:28,8:23,8:48,9:04
3:29,8:23,8:48,9:04
3:30,8:23,8:48,9:04
3:31,8:23,8:48,9:04
3:32,8:23,8:48,9:04
3:33,8:23,8:48,9:04
3:34,8:23,8:48,9:04
3:35,8:23,8:48,9:04
3:36,8:23,8:48,9:04
3:37,8:23,8:48,9:04
3:38,8:23,8:48,9:04
3:39,8:23,8:48,9:04
3:40,8:23,8:48,9:04
3:41,8:23,8:48,9:04
3:42,8:23,8:48,9:04
3:43,8:23,8:48,9:04
3:44,8:23,8:48,9:04
3:45,8:23,8:48,9:04
3:46,8:23,8:48,9:04
3:47,8:23,8:48,9:04
3:48,8:23,8:48,9:04
3:49,8:23,8:48,9:04
3:50,8:23,8:48,9:04
3:51,8:23,8:48,9:04
3:52,8:23,8:48,9:04
3:53,8:23,8:48,9:04
3:54,8:23,8:48,9:04
3:55,8:23,8:48,9:04
3:56,8:23,8:48,9:04
3:57,8:23,8:48,9:04
3:58,8:23,8:48,9:04
3:59,8:23,8:48,9:04
4:00,8:23,8:48,9:04
4:01,8:23,8:48,9:04
4:02,8:23,8:48,9:04
4:03,8:23,8:48,9:04
4:04,8:23,8:48,9:04
4:05,8:23,8:48,9:04
4:06,8:23,8:48,9:04
4:07,8:23,8:48,9:04
4:08,8:23,8:48,9:04
4:09,8:23,8:48,9:04
4:10,8:23,8:48,9:04
4:11,8:23,8:48,9:04
4:12,8:23,8:48,9:04
4:13,8:23,8:48,9:04
4:14,8:23,8:48,9:04
4:15,8:23,8:48,9:04
4:16,8:23,8:48,9:04
4:17,8:23,8:48,9:04
4:18,8:23,8:48,9:04
4:19,8:23,8:48,9:04
4:20,8:23,8:48,9:04
4:21,8:23,8:48,9:04
4:22,8:23,8:48,9:04
4:23,8:23,8:48,9:04
4:24,8:23,8:48,9:04
4:25,8:23,8:48,9:04
4:26,8:23,8:48,9:04
4:27,8:23,8:48,9:04
4:28,8:23,8:48,9:04
4:29,8:23,8:48,9:04
4:30,8:23,8:48,9:04
4:31,8:23,8:48,9:04
4:32,8:23,8:48,9:04
4:33,8:23,8:48,9:04
4:34,8:23,8:48,9:04
4:35,8:23,8:48,9:04
4:36,8:23,8:48,9:04
4:37,8:23,8:48,9:04
4:38,8:23,8:48,9:04
4:39,8:23,8:48,9:04
4:40,8:23,8:48,9:04
4:41,8:23,8:48,9:04
4:42,8:23,8:48,9:04
4:43,8:23,8:48,9:04
4:44,8:23,8:48,9:04
4:45,8:23,8:48,9:04
4:46,8:23,8:48,9:04
4:47,8:23,8:48,9:04
4:48,8:23,8:48,9:04
4:49,8:23,8:48,9:04
4:50,8:23,8:48,9:04
4:51,8:23,8:48,9:04
4:52,8:23,8:48,9:04
4:53,8:23,8:48,9:04
4:54,8:23,8:48,9:04
4:55,8:23,8:48,9:04
4:56,8:23,8:48,9:04
4:57,8:23,8:48,9:04
4:58,8:23,8:48,9:04
4:59,8:23,8:48,9:04
5:00,8:23,8:48,9:04
5:01,8:23,8:48,9:04
5:02,8:23,8:48,9:04
5:03,8:23,8:48,9:04
5:04,8:23,8:48,9:04
5:05,8:23,8:48,9:04
5:06,8:23,8:48,9:04
5:07,8:23,8:48,9:04
5:08,8:23,8:48,9:04
5:09,8:23,8:48,9:04
5:10,8:23,8:48,9:04
5:11,8:23,8:48,9:04
5:12,8:23,8:48,9:04
5:13,8:23,8:48,9:04
5:14,8:23,8:48,9:04
5:15,8:23,8:48,9:04
5:16,8:23,8:48,9:04
5:17,8:23,8:48,9:04
5:18,8:23,8:48,9:04
5:19,8:23,8:48,9:04
5:20,8:23,8:48,9:04
5:21,8:23,8:48,9:04
5:22,8:23,8:48,9:04
5:23,8:23,8:48,9:04
5:24,8:23,8:48,9:04
5:25,8:23,8:48,9:04
5:26,8:23,8:48,9:04
5:27,8:23,8:48,9:04
5:28,8:23,8:48,9:04
5:29,8:23,8:48,9:04
5:30,8:23,8:48,9:04
5:31,8:23,8:48,9:04
5:32,8:23,8:48,9:04
5:33,8:23,8:48,9:04
5:34,8:23,8:48,9:04
5:35,8:23,8:48,9:04
5:36,8:23,8:48,9:04
5:37,8:23,8:48,9:04
5:38,8:23,8:48,9:04
5:39,8:23,8:48,9:04
5:40,8:23,8:48,9:04
5:41,8:23,8:48,9:04
5:42,8:23,8:48,9:04
5:43,8:23,8:48,9:04
5:44,8:23,8:48,9:04
5:45,8:23,8:48,9:04
5:46,8:23,8:48,9:04
5:47,8:23,8:48,9:04
5:48,8:23,8:48,9:04
5:49,8:23,8:48,9:04
5:50,8:23,8:48,9:04
5:51,8:23,8:48,9:04
5:52,8:23,8:48,9:04
5:53,8:23,8:48,9:04
5:54,8:23,8:48,9:04
5:55,8:23,8:48,9:04
5:56,8:23,8:48,9:04
5:57,8:23,8:48,9:04
5:58,8:23,8:48,9:04
5:59,8:23,8:48,9:04
6:00,8:23,8:48,9:04
6:01,8:23,8:48,9:04
6:02,8:23,8:48,9:04
6:03,8:23,8:48,9:04
6:04,8:23,8:48,9:04
6:05,8:23,8:48,9:04
6:06,8:23,8:48,9:04
6:07,8:23,8:48,9:04
6:08,8:23,8:48,9:04
6:09,8:23,8:48,9:04
6:10,8:23,8:48,9:04
6:11,8:23,8:48,9:04
6:12,8:23,8:48,9:04
6:13,8:23,8:48,9:04
6:14,8:23,8:48,9:04
6:15,8:23,8:48,9:04
6:16,8:23,8:48,9:04
6:17,8:23,8:48,9:04
6:18,8:23,8:48,9:04
6:19,8:23,8:48,9:04
6:20,8:23,8:48,9:04
6:21,8:23,8:48,9:04
6:22,8:23,8:48,9:04
6:23,8:23,8:48,9:04
6:24,8:23,8:48,9:04
6:25,8:23,8:48,9:04
6:26,8:23,8:48,9:04
6:27,8:23,8:48,9:04
6:28,8:23,8:48,9:04
6:29,8:23,8:48,9:04
6:30,8:23,8:48,9:04
6:31,8:23,8:48,9:04
6:32,8:23,8:48,9:04
6:33,8:23,8:48,9:04
6:34,8:23,8:48,9:04
6:35,8:23,8:48,9:04
6:36,8:23,8:48,9:04
6:37,8:23,8:48,9:04
6:38,8:23,8:48,9:04
6:39,8:23,8:48,9:04
6:40,8:23,8:48,9:04
6:41,8:23,8:48,9:04
6:42,8:23,8:48,9:04
6:43,8:23,8:48,9:04
6:44,8:23,8:48,9:04
6:45,8:23,8:48,9:04
6:46,8:23,8:48,9:04
6:47,8:23,8:48,9:04
6:48,8:23,8:48,9:04
6:49,8:23,8:48,9:04
6:50,8:23,8:48,9:04
6:51,8:23,8:48,9:04
6:52,8:23,8:48,9:04
6:53,8:23,8:48,9:04
6:54,8:23,8:48,9:04
6:55,8:23,8:48,9:04
6:56,8:23,8:48,9:04
6:57,8:23,8:48,9:04
6:58,8:23,8:48,9:04
6:59,8:23,8:48,9:04
7:00,8:23,8:48,9:04
7:01,8:23,8:48,9:04
7:02,8:23,8:48,9:04
7:03,8:23,8:48,9:04
7:04,8:23,8:48,9:04
7:05,8:23,8:48,9:04
7:06,8:23,8:48,9:04
7:07,8:23,8:48,9:04
7:08,8:23,8:48,9:04
7:09,8:23,8:48,9:04
7:10,8:23,8:48,9:04
7:11,8:23,8:48,9:04
7:12,8:23,8:48,9:04
7:13,8:23,8:48,9:04
7:14,8:23,8:48,9:04
7:15,8:23,8:48,9:04
7:16,8:23,8:48,9:04
7:17,8:23,8:48,9:04
7:18,8:23,8:48,9:04
7:19,8:23,8:48,9:04
7:20,8:23,8:48,9:04
7:21,8:23,8:48,9:04
7:22,8:23,8:48,9:04
7:23,8:23,8:48,9:04
7:24,8:23,8:48,9:04
7:25,8:23,8:48,9:04
7:26,8:23,8:48,9:04
7:27,8:23,8:48,9:04
7:28,8:23,8:48,9:04
7:29,8:23,8:48,9:04
7:30,8:23,8:48,9:04
7:31,8:23,8:48,9:04
7:32,8:23,8:48,9:04
7:33,8:23,8:48,9:04
7:34,8:23,8:48,9:04
7:35,8:23,8:48,9:04
7:36,8:23,8:48,9:04
7:37,8:23,8:48,9:04
7:38,8:23,8:48,9:04
7:39,8:23,8:48,9:04
7:40,8:23,8:48,9:04
7:41,8:23,8:48,9:04
7:42,8:23,8:48,9:04
7:43,8:23,8:48,9:04
7:44,8:23,8:48,9:04
7:45,8:23,8:48,9:04
7:46,8:23,8:48,9:04
7:47,8:23,8:48,9:04
7:48,8:23,8:48,9:04
7:49,8:23,8:48,9:04
7:50,8:23,8:48,9:04
7:51,8:23,8:48,9:04
7:52,8:23,8:48,9:04
7:53,8:23,8:48,9:04
7:54,8:23,8:48,9:04
7:55,8:23,8:48,9:04
7:56,8:23,8:48,9:04
7:57,8:23,8:48,9:04
7:58,8:23,8:48,9:04
7:59,8:23,8:48,9:04
